/*
SQLyog Ultimate v11.24 (32 bit)
MySQL - 5.1.30-community : Database - niceboat
*********************************************************************
*/

/*!40101 SET NAMES utf8 */;

/*!40101 SET SQL_MODE=''*/;

/*!40014 SET @OLD_UNIQUE_CHECKS=@@UNIQUE_CHECKS, UNIQUE_CHECKS=0 */;
/*!40014 SET @OLD_FOREIGN_KEY_CHECKS=@@FOREIGN_KEY_CHECKS, FOREIGN_KEY_CHECKS=0 */;
/*!40101 SET @OLD_SQL_MODE=@@SQL_MODE, SQL_MODE='NO_AUTO_VALUE_ON_ZERO' */;
/*!40111 SET @OLD_SQL_NOTES=@@SQL_NOTES, SQL_NOTES=0 */;
CREATE DATABASE /*!32312 IF NOT EXISTS*/`niceboat` /*!40100 DEFAULT CHARACTER SET utf8 */;

USE `niceboat`;

/*Table structure for table `t_cms_article` */

DROP TABLE IF EXISTS `t_cms_article`;

CREATE TABLE `t_cms_article` (
  `id` int(11) NOT NULL AUTO_INCREMENT,
  `title` varchar(255) DEFAULT NULL,
  `content` varchar(255) DEFAULT NULL,
  `createTime` datetime DEFAULT NULL,
  `categoryid` bigint(20) DEFAULT NULL,
  `description` varchar(200) DEFAULT NULL,
  PRIMARY KEY (`id`)
) ENGINE=InnoDB AUTO_INCREMENT=21 DEFAULT CHARSET=utf8;

/*Data for the table `t_cms_article` */

insert  into `t_cms_article`(`id`,`title`,`content`,`createTime`,`categoryid`,`description`) values (1,'湖北大冶交通系统领导来我公司考察指导工作','中国人','0000-00-00 00:00:00',4,NULL),(2,'2013.10.26日我公司与滁州公交公司合作项目','文章内容：我公司顺利安装完成滁州公交公司滁州火车北站、滁州高铁站公交信息调度屏','2014-07-27 22:06:46',4,'2013.10.26日'),(11,'我公司顺利完成滁州公交公司项目 2013.11.3','3','2014-07-15 22:06:41',4,NULL),(12,'2013.10.22欢迎大冶公交公司来我公司参观','44','2014-07-27 22:06:49',4,NULL),(13,'2013.9.5号我公司与滁州公交公司签订合同','34',NULL,4,NULL),(14,'2013年我公司中标滁州公交候车亭项目','43',NULL,4,NULL),(15,'快速公交亭','3454',NULL,3,NULL),(16,'不锈钢公交亭','2',NULL,3,NULL),(17,'钢制公交亭',NULL,NULL,3,NULL),(18,'公共自行车服务亭',NULL,NULL,3,NULL),(19,'型材公交亭',NULL,NULL,3,NULL),(20,'中国电话',NULL,NULL,3,NULL);

/*Table structure for table `t_cms_category` */

DROP TABLE IF EXISTS `t_cms_category`;

CREATE TABLE `t_cms_category` (
  `id` bigint(20) NOT NULL AUTO_INCREMENT,
  `name` varchar(50) DEFAULT NULL,
  `url` varchar(50) DEFAULT NULL,
  `pid` bigint(20) DEFAULT NULL,
  `image` varchar(20) DEFAULT NULL,
  `html` varchar(50) DEFAULT NULL,
  `siteid` bigint(20) DEFAULT NULL,
  PRIMARY KEY (`id`)
) ENGINE=InnoDB AUTO_INCREMENT=9 DEFAULT CHARSET=utf8;

/*Data for the table `t_cms_category` */

insert  into `t_cms_category`(`id`,`name`,`url`,`pid`,`image`,`html`,`siteid`) values (1,'首 页',NULL,NULL,NULL,'首 页<br><span>HOME</span>',1),(2,'公司简介','AboutUs',NULL,NULL,'公司简介<br><span>ABOUT US</span>',1),(3,'产品展示',NULL,NULL,NULL,'产品展示<br><span>PRODUCT</span>',1),(4,'新闻中心','News',NULL,NULL,'新闻中心<br><span>NEWS</span>',1),(5,'工程案例',NULL,NULL,NULL,'工程案例<br><span>CASE</span>',1),(6,'人才招聘',NULL,NULL,NULL,'人才招聘<br><span>JOB</span>',1),(7,'联系我们',NULL,NULL,NULL,'联系我们<br><span>CONTACT</span>',1),(8,'留言板',NULL,NULL,NULL,'留言板<br><span>MESSAGE</span>',1);

/*Table structure for table `t_system_authorize` */

DROP TABLE IF EXISTS `t_system_authorize`;

CREATE TABLE `t_system_authorize` (
  `id` bigint(20) NOT NULL AUTO_INCREMENT,
  `module` varchar(100) DEFAULT NULL COMMENT '{"name":"模块","inputType":"text"}',
  `description` varchar(50) DEFAULT NULL COMMENT '{"name":"描述","inputType":"text"}',
  `sx` varchar(4) DEFAULT NULL COMMENT '{"name":"顺序","inputType":"text"}',
  PRIMARY KEY (`id`)
) ENGINE=InnoDB AUTO_INCREMENT=12 DEFAULT CHARSET=utf8;

/*Data for the table `t_system_authorize` */

insert  into `t_system_authorize`(`id`,`module`,`description`,`sx`) values (1,'user:add','用户增加','0101'),(2,'user:delete','用户删除','0102'),(3,'user:update','用户更新','0103'),(4,'role:add','角色新增','0201'),(8,'hyfj:add','会议文件新增','0301'),(9,'hyfj:update','会议文件修改','0302'),(10,'hyfj:delete','会议文件删除',NULL),(11,'hyfj:sh','会议文件审核',NULL);

/*Table structure for table `t_system_codedic` */

DROP TABLE IF EXISTS `t_system_codedic`;

CREATE TABLE `t_system_codedic` (
  `id` int(11) NOT NULL AUTO_INCREMENT,
  `section` varchar(15) DEFAULT '' COMMENT '种类代码',
  `sectionname` varchar(50) NOT NULL DEFAULT '' COMMENT '种类名称',
  `code` varchar(15) NOT NULL DEFAULT '' COMMENT '代码',
  `codename` varchar(200) NOT NULL DEFAULT '' COMMENT '代码名',
  `realcodename` varchar(200) DEFAULT NULL COMMENT '真实名称',
  `memo` varchar(200) DEFAULT NULL COMMENT '备注',
  PRIMARY KEY (`id`)
) ENGINE=InnoDB AUTO_INCREMENT=881 DEFAULT CHARSET=utf8;

/*Data for the table `t_system_codedic` */

insert  into `t_system_codedic`(`id`,`section`,`sectionname`,`code`,`codename`,`realcodename`,`memo`) values (1,'100001','户口性质','1','1_非农业户口','非农业户口',''),(2,'100001','户口性质','2','2_农业户口','农业户口',NULL),(3,'100001','户口性质','3','3_本市转兰印户口','本市转兰印户口',NULL),(4,'100001','户口性质','4','4_外省转兰印户口','外省转兰印户口',NULL),(5,'100001','户口性质','9','9_其他','其他',NULL),(6,'100002','婚姻状况','10','10_未婚','未婚','test'),(7,'100002','婚姻状况','21','21_初婚','初婚',NULL),(8,'100002','婚姻状况','22','22_再婚','再婚',NULL),(9,'100002','婚姻状况','23','23_复婚','复婚',NULL),(10,'100002','婚姻状况','30','30_丧偶','丧偶',NULL),(11,'100002','婚姻状况','40','40_离婚','离婚',NULL),(12,'100002','婚姻状况','90','90_其他','其他',NULL),(13,'100003','退出WIS系统原因','1','1_超出育龄期','超出育龄期',NULL),(14,'100003','退出WIS系统原因','2','2_孕产期死亡','孕产期死亡',NULL),(15,'100003','退出WIS系统原因','3','3_非孕产期死亡','非孕产期死亡',NULL),(16,'100003','退出WIS系统原因','4','4_迁出','迁出',NULL),(17,'100003','退出WIS系统原因','9','9_其他','其他',NULL),(18,'100004','避孕状况','100','100_口服避孕药','口服避孕药',NULL),(19,'100004','避孕状况','110','110_短效口服避孕药','短效口服避孕药',NULL),(20,'100004','避孕状况','111','111_Ⅰ号避孕药','Ⅰ号避孕药',NULL),(21,'100004','避孕状况','112','112_Ⅱ号避孕药','Ⅱ号避孕药',NULL),(22,'100004','避孕状况','113','113_O号避孕药','O号避孕药',NULL),(23,'100004','避孕状况','114','114_左炔诺孕酮滴丸','左炔诺孕酮滴丸',NULL),(24,'100004','避孕状况','115','115_复方左炔诺孕酮片','复方左炔诺孕酮片',NULL),(25,'100004','避孕状况','116','116_三相避孕片','三相避孕片',NULL),(26,'100004','避孕状况','120','120_长效口服避孕药','长效口服避孕药',NULL),(27,'100004','避孕状况','121','121_左炔诺孕酮炔雌醚片','左炔诺孕酮炔雌醚片',NULL),(28,'100004','避孕状况','122','122_长效避孕针','长效避孕针',NULL),(29,'100004','避孕状况','130','130_紧急避孕药','紧急避孕药',NULL),(30,'100004','避孕状况','131','131_甲地孕酮片','甲地孕酮片',NULL),(31,'100004','避孕状况','132','132_炔诺酮滴丸','炔诺酮滴丸',NULL),(32,'100004','避孕状况','133','133_左炔诺孕酮速效片','左炔诺孕酮速效片',NULL),(33,'100004','避孕状况','134','134_53号抗孕片','53号抗孕片',NULL),(34,'100004','避孕状况','140','140_探亲避孕药','探亲避孕药',NULL),(35,'100004','避孕状况','190','190_其他口服避孕药','其他口服避孕药',NULL),(36,'100004','避孕状况','200','200_注射避孕针','注射避孕针',NULL),(37,'100004','避孕状况','300','300_皮下埋植避孕剂','皮下埋植避孕剂',NULL),(38,'100004','避孕状况','400','400_阴道环','阴道环',NULL),(39,'100004','避孕状况','500','500_外用避孕药—杀精剂','外用避孕药—杀精剂',NULL),(40,'100004','避孕状况','501','501_外用避孕片','外用避孕片',NULL),(41,'100004','避孕状况','502','502_外用避孕栓','外用避孕栓',NULL),(42,'100004','避孕状况','503','503_外用避孕膜','外用避孕膜',NULL),(43,'100004','避孕状况','504','504_避孕胶冻','避孕胶冻',NULL),(44,'100004','避孕状况','600','600_屏障避孕器具','屏障避孕器具',NULL),(45,'100004','避孕状况','610','610_男用避孕套','男用避孕套',NULL),(46,'100004','避孕状况','620','620_女用避孕套','女用避孕套',NULL),(47,'100004','避孕状况','630','630_阴道隔膜','阴道隔膜',NULL),(48,'100004','避孕状况','690','690_其他屏障避孕器具','其他屏障避孕器具',NULL),(49,'100004','避孕状况','700','700_宫内节育器','宫内节育器',NULL),(50,'100004','避孕状况','710','710_带铜宫内节育器','带铜宫内节育器',NULL),(51,'100004','避孕状况','720','720_带药带铜宫内节育器','带药带铜宫内节育器',NULL),(52,'100004','避孕状况','730','730_带孕激素节育器','带孕激素节育器',NULL),(53,'100004','避孕状况','790','790_其他宫内节育器','其他宫内节育器',NULL),(54,'100004','避孕状况','800','800_绝育术','绝育术',NULL),(55,'100004','避孕状况','810','810_女性绝育术','女性绝育术',NULL),(56,'100004','避孕状况','820','820_男性绝育术','男性绝育术',NULL),(57,'100004','避孕状况','900','900_其他避孕方法','其他避孕方法',NULL),(58,'100004','避孕状况','910','910_自然避孕法','自然避孕法',NULL),(59,'100004','避孕状况','A10','A10_待孕','待孕',NULL),(60,'100004','避孕状况','A20','A20_现孕','现孕',NULL),(61,'100004','避孕状况','A30','A30_绝经（包括子宫切除）','绝经（包括子宫切除）',NULL),(62,'100004','避孕状况','A90','A90_其他未避孕原因','其他未避孕原因',NULL),(63,'100004','避孕状况','A91','A91_有病不宜','有病不宜',NULL),(64,'100004','避孕状况','A92','A92_产后一月','产后一月',NULL),(65,'100004','避孕状况','A93','A93_不孕症','不孕症',NULL),(66,'100004','避孕状况','A94','A94_离婚、丧偶','离婚、丧偶',NULL),(67,'100004','避孕状况','A95','A95_外出躲藏','外出躲藏',NULL),(68,'100004','避孕状况','A96','A96_情况不明','情况不明',NULL),(69,'100005','管理类别','1','1_人户同在本街乡','人户同在本街乡',NULL),(70,'100005','管理类别','2','2_户在人不在本街乡','户在人不在本街乡',NULL),(71,'100005','管理类别','3','3_人在户不在本街乡','人在户不在本街乡',NULL),(72,'100005','管理类别','4','4_外省市嫁入（户在外省市）','外省市嫁入（户在外省市）',NULL),(73,'100005','管理类别','5','5_外省市流入','外省市流入',NULL),(74,'100005','管理类别','6','6_流出本市','流出本市',NULL),(75,'100005','管理类别','7','7_人户同不在本街乡','人户同不在本街乡',NULL),(76,'100006','审批原因','11','11_第一个子女为残疾儿，不能成长为正常劳动力，医学上认为夫妻可以再生育的','第一个子女为残疾儿，不能成长为正常劳动力，医学上认为夫妻可以再生育的',NULL),(77,'100006','审批原因','12','12_再婚夫妻（含一方再婚，一方初婚）。原有一个子女','再婚夫妻（含一方再婚，一方初婚）。原有一个子女',NULL),(78,'100006','审批原因','13','13_婚后五年不孕（育），依法收养一个子女后又怀孕','婚后五年不孕（育），依法收养一个子女后又怀孕',NULL),(79,'100006','审批原因','14','14_夫妻双方均系归国华侨或者香港、澳门、台湾同胞，回国或者回内地定居不满六年','夫妻双方均系归国华侨或者香港、澳门、台湾同胞，回国或者回内地定居不满六年',NULL),(80,'100006','审批原因','15','15_夫妻双方均系独生子女','夫妻双方均系独生子女',NULL),(81,'100006','审批原因','16','16_从外地迁入我市的少数民族居民，迁入前经当地县级以上人口和计划生育部门批准，允许生育第二个子女并已怀孕','从外地迁入我市的少数民族居民，迁入前经当地县级以上人口和计划生育部门批准，允许生育第二个子女并已怀孕',NULL),(82,'100006','审批原因','17','17_市计划生育行政部门批准的其他特殊情况','市计划生育行政部门批准的其他特殊情况',NULL),(83,'100006','审批原因','21','21_夫妻一方因伤残全部或者大部分丧失劳动能力或者是二等乙级残疾军人','夫妻一方因伤残全部或者大部分丧失劳动能力或者是二等乙级残疾军人',NULL),(84,'100006','审批原因','22','22_夫妻一方为独生子女','夫妻一方为独生子女',NULL),(85,'100006','审批原因','23','23_男方到有女无儿家结婚落户，并负责赡养女方父母','男方到有女无儿家结婚落户，并负责赡养女方父母',NULL),(86,'100006','审批原因','24','24_劳动力缺乏的山区、半山区的农民，只有一个女孩','劳动力缺乏的山区、半山区的农民，只有一个女孩',NULL),(87,'100006','审批原因','25','25_同胞兄弟中一人婚后没有生育能力或者因特殊原因不能结婚，其他人各生一个子女的，经协商一致。允许其中一人','同胞兄弟中一人婚后没有生育能力或者因特殊原因不能结婚，其他人各生一个子女的，经协商一致。允许其中一人',NULL),(88,'100006','审批原因','31','31_农村35岁大龄独女户','农村35岁大龄独女户',NULL),(89,'100007','政策属性','1','1_内','内',NULL),(90,'100007','政策属性','2','2_外','外',NULL),(91,'100007','政策属性','9','9_未说明政策内外','未说明政策内外',NULL),(92,'100008','服务机构类型','0','0_无','无',NULL),(93,'100008','服务机构类型','10','10_计划生育技术服务机构','计划生育技术服务机构','所有计生技术服务机构均需取得执业资格'),(94,'100008','服务机构类型','11','11_国家级计划生育服务机构','国家级计划生育服务机构','包括科研和技术指导机构'),(95,'100008','服务机构类型','12','12_省级计划生育服务机构','省级计划生育服务机构','包括科研和技术指导机构'),(96,'100008','服务机构类型','13','13_地级计划生育服务机构','地级计划生育服务机构','包括技术指导机构'),(97,'100008','服务机构类型','14','14_县级计划生育服务站','县级计划生育服务站',NULL),(98,'100008','服务机构类型','15','15_乡级计划生育服务所','乡级计划生育服务所',NULL),(99,'100008','服务机构类型','16','16_村级计划生育服务室','村级计划生育服务室',NULL),(100,'100008','服务机构类型','19','19_其他计划生育服务机构','其他计划生育服务机构',NULL),(101,'100008','服务机构类型','30','30_医院','医院',NULL),(102,'100008','服务机构类型','31','31_综合医院','综合医院',NULL),(103,'100008','服务机构类型','32','32_专科医院','专科医院',NULL),(104,'100008','服务机构类型','33','33_妇产（科）医院','妇产（科）医院',NULL),(105,'100008','服务机构类型','40','40_社区卫生服务中心（站）','社区卫生服务中心（站）',NULL),(106,'100008','服务机构类型','41','41_社区卫生服务中心','社区卫生服务中心',NULL),(107,'100008','服务机构类型','42','42_社区卫生服务站','社区卫生服务站',NULL),(108,'100008','服务机构类型','50','50_卫生院','卫生院',NULL),(109,'100008','服务机构类型','51','51_街道卫生院','街道卫生院',NULL),(110,'100008','服务机构类型','52','52_乡镇卫生院','乡镇卫生院',NULL),(111,'100008','服务机构类型','60','60_妇幼保健院（所、站）','妇幼保健院（所、站）','包括妇幼保健中心'),(112,'100008','服务机构类型','61','61_妇幼保健院','妇幼保健院',NULL),(113,'100008','服务机构类型','62','62_妇幼保健所','妇幼保健所','包括妇女、儿童保健所'),(114,'100008','服务机构类型','63','63_妇幼保健站','妇幼保健站','包括妇幼保健中心'),(115,'100008','服务机构类型','64','64_生殖保健中心','生殖保健中心',NULL),(116,'100008','服务机构类型','90','90_其他服务机构类型','其他服务机构类型',NULL),(117,'100009','妊娠结果','10','10_活产','活产',NULL),(118,'100009','妊娠结果','11','11_阴道分娩','阴道分娩',NULL),(119,'100009','妊娠结果','12','12_剖宫产','剖宫产',NULL),(120,'100009','妊娠结果','20','20_妊娠终止','妊娠终止','不填写'),(121,'100009','妊娠结果','21','21_自然流产','自然流产',NULL),(122,'100009','妊娠结果','22','22_<12周引产','<12周引产','含12周'),(123,'100009','妊娠结果','23','23_>12周引产','>12周引产',NULL),(124,'100009','妊娠结果','30','30_死胎','死胎',NULL),(125,'100009','妊娠结果','40','40_死产','死产',NULL),(126,'100009','妊娠结果','90','90_其他','其他','包括滋养细胞疾病（葡萄胎）、宫外孕'),(127,'100010','人流原因','1','1_政策外','政策外',NULL),(128,'100010','人流原因','2','2_有病','有病',NULL),(129,'100010','人流原因','3','3_胎儿发育异常','胎儿发育异常',NULL),(130,'100010','人流原因','4','4_其他','其他',NULL),(131,'100011','子女与育龄夫妇血缘关系','1','1_育龄妇女与丈夫亲生','育龄妇女与丈夫亲生',NULL),(132,'100011','子女与育龄夫妇血缘关系','2','2_育龄妇女亲生、非丈夫亲生','育龄妇女亲生、非丈夫亲生',NULL),(133,'100011','子女与育龄夫妇血缘关系','3','3_非育龄妇女亲生、丈夫亲生','非育龄妇女亲生、丈夫亲生',NULL),(134,'100011','子女与育龄夫妇血缘关系','4','4_非育龄妇女亲生、非丈夫亲生','非育龄妇女亲生、非丈夫亲生',NULL),(135,'100012','生育备注','1','1_正常生育','正常生育',NULL),(136,'100012','生育备注','2','2_收抱养','收抱养',NULL),(137,'100012','生育备注','3','3_送养','送养',NULL),(138,'100012','生育备注','4','4_判给前妻','判给前妻',NULL),(139,'100012','生育备注','5','5_判给前夫','判给前夫',NULL),(140,'100012','生育备注','6','6_男带','男带',NULL),(141,'100012','生育备注','7','7_女带','女带',NULL),(142,'100013','子女出生健康状况','1','1_正常','正常',NULL),(143,'100013','子女出生健康状况','2','2_低体重儿','低体重儿','分娩时新生儿体重低于2500克（不含2500克）'),(144,'100013','子女出生健康状况','3','3_肉眼可见的出生缺陷','肉眼可见的出生缺陷',NULL),(145,'100013','子女出生健康状况','4','4_死亡','死亡',NULL),(146,'100013','子女出生健康状况','9','9_其他','其他',NULL),(147,'100014','当前健康状况','1','1_健康或良好','健康或良好','人体生理机能、营养、发育状况良好'),(148,'100014','当前健康状况','2','2_一般或较弱','一般或较弱','人体生理机能、营养、发育状况正常。但身体体质较弱'),(149,'100014','当前健康状况','3','3_有病','有病','有各种慢性病'),(150,'100014','当前健康状况','4','4_有生理缺陷','有生理缺陷','人体生理机能、发育方面有缺陷'),(151,'100014','当前健康状况','5','5_残废','残废','由于作战或因公及其他原因致残'),(152,'100014','当前健康状况','6','6_死亡','死亡',NULL),(153,'100014','当前健康状况','9','9_其它','其它',NULL),(154,'100015','子女死亡原因','1','1_病故','病故',NULL),(155,'100015','子女死亡原因','2','2_交通事故','交通事故',NULL),(156,'100015','子女死亡原因','3','3_溺水','溺水',NULL),(157,'100015','子女死亡原因','4','4_火灾','火灾',NULL),(158,'100015','子女死亡原因','5','5_其他','其他',NULL),(159,'100016','职业','1','1_农民','农民',NULL),(160,'100016','职业','2','2_工人','工人',NULL),(161,'100016','职业','3','3_干部','干部',NULL),(162,'100016','职业','4','4_教师','教师',NULL),(163,'100016','职业','5','5_无业（含下岗、待业）','无业（含下岗、待业）',NULL),(164,'100016','职业','6','6_军人','军人',NULL),(165,'100016','职业','7','7_个体','个体',NULL),(166,'100016','职业','8','8_医务','医务',NULL),(167,'100016','职业','9','9_其他','其他',NULL),(168,'100017','进入WIS系统原因','1','1_合法婚姻（初婚、再婚、复婚）','合法婚姻（初婚、再婚、复婚）',NULL),(169,'100017','进入WIS系统原因','2','2_事实婚姻','事实婚姻',NULL),(170,'100017','进入WIS系统原因','3','3_迁入','迁入',NULL),(171,'100017','进入WIS系统原因','4','4_流入','流入',NULL),(172,'100018','随访异常类型','1','1_带环异常','带环异常',NULL),(173,'100018','随访异常类型','2','2_结扎异常','结扎异常',NULL),(174,'100018','随访异常类型','3','3_药具异常','药具异常',NULL),(175,'100018','随访异常类型','4','4_其它措施异常','其它措施异常',NULL),(176,'100019','计划终止原因','1','1_出生','出生',NULL),(177,'100019','计划终止原因','2','2_自愿退','自愿退',NULL),(178,'100019','计划终止原因','3','3_撤销','撤销',NULL),(179,'100020','孕情检查结果','1','1_未孕','未孕',NULL),(180,'100020','孕情检查结果','2','2_怀孕','怀孕',NULL),(181,'100021','措施检查异常情况','10','10_宫内节育器正常','宫内节育器正常','不填写'),(182,'100021','措施检查异常情况','20','20_宫内节育器异常','宫内节育器异常','不填写'),(183,'100021','措施检查异常情况','21','21_带环怀孕','带环怀孕',NULL),(184,'100021','措施检查异常情况','22','22_脱环未孕','脱环未孕',NULL),(185,'100021','措施检查异常情况','23','23_脱环怀孕','脱环怀孕',NULL),(186,'100021','措施检查异常情况','30','30_无宫内节育器','无宫内节育器','检查时宫腔内未见IUD'),(187,'100021','措施检查异常情况','40','40_结扎失败','结扎失败',NULL),(188,'100021','措施检查异常情况','50','50_药具失败','药具失败',NULL),(189,'100021','措施检查异常情况','99','99_其它','其它',NULL),(190,'100022','宫内节育器检查结果','1','1_宫内节育器正常','宫内节育器正常',NULL),(191,'100022','宫内节育器检查结果','2','2_宫内节育器异常','宫内节育器异常','包括IUD下移、嵌顿、异位于腹腔，部分脱落等'),(192,'100022','宫内节育器检查结果','3','3_无宫内节育器','无宫内节育器','检查时宫腔内未见IUD'),(193,'100023','生殖健康检查结果','100','100_常见妇科炎症','常见妇科炎症',NULL),(194,'100023','生殖健康检查结果','110','110_阴道炎症','阴道炎症',NULL),(195,'100023','生殖健康检查结果','111','111_念珠菌性阴道炎','念珠菌性阴道炎',NULL),(196,'100023','生殖健康检查结果','112','112_滴虫阴道炎','滴虫阴道炎',NULL),(197,'100023','生殖健康检查结果','113','113_细菌性阴道病','细菌性阴道病',NULL),(198,'100023','生殖健康检查结果','119','119_其他阴道炎症','其他阴道炎症',NULL),(199,'100023','生殖健康检查结果','120','120_宫颈炎症','宫颈炎症',NULL),(200,'100023','生殖健康检查结果','130','130_盆腔炎症','盆腔炎症',NULL),(201,'100023','生殖健康检查结果','190','190_其他妇科炎症','其他妇科炎症',NULL),(202,'100023','生殖健康检查结果','200','200_节育措施并发症','节育措施并发症',NULL),(203,'100023','生殖健康检查结果','900','900_其他检查结果','其他检查结果',NULL),(204,'100024','高危家庭类型','1','1_一孩病残儿','一孩病残儿',NULL),(205,'100024','高危家庭类型','2','2_家族遗传史','家族遗传史',NULL),(206,'100024','高危家庭类型','3','3_异常妊娠史','异常妊娠史',NULL),(207,'100024','高危家庭类型','9','9_其它','其它',NULL),(208,'100025','四项检测异常种类','1','1_巨细胞+','巨细胞+',NULL),(209,'100025','四项检测异常种类','2','2_弓形虫+','弓形虫+',NULL),(210,'100025','四项检测异常种类','3','3_疱疹+','疱疹+',NULL),(211,'100025','四项检测异常种类','4','4_风疹+','风疹+',NULL),(212,'100026','B超检测异常种类','2','2_胎儿异常','胎儿异常',NULL),(213,'100026','其他检测异常种类','2','2_异常','异常',NULL),(214,'100027','有无婚育证明','1','1_有','有',NULL),(215,'100027','有无婚育证明','2','2_无','无',NULL),(216,'100028','审批备注','1','1_持指标待孕','持指标待孕',NULL),(217,'100028','审批备注','2','2_持指标现孕','持指标现孕',NULL),(218,'100028','审批备注','3','3_持指标生育','持指标生育',NULL),(219,'100028','审批备注','4','4_因违反规定指标作废','因违反规定指标作废',NULL),(220,'100028','审批备注','5','5_退指标','退指标',NULL),(221,'100028','审批备注','6','6_指标自动失效','指标自动失效',NULL),(222,'100029','流动原因','1','1_务工','务工',NULL),(223,'100029','流动原因','2','2_经商','经商',NULL),(224,'100029','流动原因','3','3_其他','其他',NULL),(225,'100029','流动原因','4','4_外逃','外逃',NULL),(226,'100029','流动原因','5','5_无业','无业',NULL),(227,'100030','违法生育原因','1','1_外出躲避','外出躲避',NULL),(228,'100030','违法生育原因','2','2_婚外','婚外',NULL),(229,'100030','违法生育原因','3','3_非婚','非婚',NULL),(230,'100030','违法生育原因','4','4_错批生育证','错批生育证',NULL),(231,'100030','违法生育原因','5','5_未落实避孕措施','未落实避孕措施',NULL),(232,'100030','违法生育原因','6','6_避孕失败','避孕失败',NULL),(233,'100030','违法生育原因','7','7_漏管漏查','漏管漏查',NULL),(234,'100030','违法生育原因','8','8_非法收抱养','非法收抱养',NULL),(235,'100031','征收方式','1','1_法院强制','法院强制',NULL),(236,'100031','征收方式','2','2_主动交纳','主动交纳',NULL),(237,'100032','党员处理方式','1','1_开除党籍','开除党籍',NULL),(238,'100032','党员处理方式','2','2_党内警告','党内警告',NULL),(239,'100032','党员处理方式','3','3_党内记过','党内记过',NULL),(240,'100033','干部处理方式','1','1_开除公职','开除公职',NULL),(241,'100033','干部处理方式','2','2_撤消职务','撤消职务',NULL),(242,'100033','干部处理方式','3','3_降职','降职',NULL),(243,'100033','干部处理方式','4','4_行政记过','行政记过',NULL),(244,'100033','干部处理方式','5','5_行政警告','行政警告',NULL),(245,'100034','计划生育手术','300','300_皮下埋植避孕剂','皮下埋植避孕剂',NULL),(246,'100034','计划生育手术','700','700_宫内节育器','宫内节育器',NULL),(247,'100034','计划生育手术','710','710_带铜宫内节育器','带铜宫内节育器',NULL),(248,'100034','计划生育手术','720','720_带药带铜宫内节育器','带药带铜宫内节育器',NULL),(249,'100034','计划生育手术','730','730_带孕激素节育器','带孕激素节育器',NULL),(250,'100034','计划生育手术','790','790_其他宫内节育器','其他宫内节育器',NULL),(251,'100034','计划生育手术','810','810_女性绝育术','女性绝育术',NULL),(252,'100034','计划生育手术','820','820_男性绝育术','男性绝育术',NULL),(253,'100034','计划生育手术','B10','B10_取出皮下埋植避孕剂','取出皮下埋植避孕剂',NULL),(254,'100034','计划生育手术','C10','C10_取出宫内节育器','取出宫内节育器',NULL),(255,'100034','计划生育手术','D10','D10_女性绝育复通术','女性绝育复通术',NULL),(256,'100034','计划生育手术','D20','D20_男性绝育复通术','男性绝育复通术',NULL),(257,'100034','计划生育手术','E10','E10_12周以内人工流产','12周以内人工流产','含12周'),(258,'100034','计划生育手术','E20','E20_12周以上人工流产','12周以上人工流产',NULL),(259,'100035','单位属性','1','1_村民委员会','村民委员会',NULL),(260,'100035','单位属性','2','2_居民委员会','居民委员会',NULL),(261,'100035','单位属性','3','3_单位','单位','包括企事业单位等'),(262,'100036','优质服务村居类别','1','1_优质服务先进村（居）','优质服务先进村（居）',NULL),(263,'100036','优质服务村居类别','2','2_优质服务村（居）','优质服务村（居）',NULL),(264,'100037','是否知情选择村','1','1_是','是',NULL),(265,'100037','是否知情选择村','2','2_否','否',NULL),(266,'100038','民族','01','01_汉族','汉族',NULL),(267,'100038','民族','02','02_蒙族','蒙族',NULL),(268,'100038','民族','03','03_回族','回族',NULL),(269,'100038','民族','04','04_藏族','藏族',NULL),(270,'100038','民族','05','05_维族','维族',NULL),(271,'100038','民族','06','06_苗族','苗族',NULL),(272,'100038','民族','07','07_彝族','彝族',NULL),(273,'100038','民族','08','08_壮族','壮族',NULL),(274,'100038','民族','09','09_布依族','布依族',NULL),(275,'100038','民族','10','10_朝鲜族','朝鲜族',NULL),(276,'100038','民族','11','11_满族','满族',NULL),(277,'100038','民族','12','12_侗族','侗族',NULL),(278,'100038','民族','13','13_瑶族','瑶族',NULL),(279,'100038','民族','14','14_白族','白族',NULL),(280,'100038','民族','15','15_土家族','土家族',NULL),(281,'100038','民族','16','16_哈尼族','哈尼族',NULL),(282,'100038','民族','17','17_哈萨克族','哈萨克族',NULL),(283,'100038','民族','18','18_傣族','傣族',NULL),(284,'100038','民族','19','19_黎族','黎族',NULL),(285,'100038','民族','20','20_傈僳族','傈僳族',NULL),(286,'100038','民族','21','21_佤族','佤族',NULL),(287,'100038','民族','22','22_舍族','舍族',NULL),(288,'100038','民族','23','23_高山族','高山族',NULL),(289,'100038','民族','24','24_拉祜族','拉祜族',NULL),(290,'100038','民族','25','25_水族','水族',NULL),(291,'100038','民族','26','26_东乡族','东乡族',NULL),(292,'100038','民族','27','27_纳西族','纳西族',NULL),(293,'100038','民族','28','28_景颇族','景颇族',NULL),(294,'100038','民族','29','29_柯尔克孜族','柯尔克孜族',NULL),(295,'100038','民族','30','30_土族','土族',NULL),(296,'100038','民族','31','31_达斡尔族','达斡尔族',NULL),(297,'100038','民族','32','32_仫佬族','仫佬族',NULL),(298,'100038','民族','33','33_羌族','羌族',NULL),(299,'100038','民族','34','34_布朗族','布朗族',NULL),(300,'100038','民族','35','35_撒拉族','撒拉族',NULL),(301,'100038','民族','36','36_毛南族','毛南族',NULL),(302,'100038','民族','37','37_仡佬族','仡佬族',NULL),(303,'100038','民族','38','38_锡伯族','锡伯族',NULL),(304,'100038','民族','39','39_阿昌族','阿昌族',NULL),(305,'100038','民族','40','40_普米族','普米族',NULL),(306,'100038','民族','41','41_塔吉克族','塔吉克族',NULL),(307,'100038','民族','42','42_怒族','怒族',NULL),(308,'100038','民族','43','43_乌孜别克族','乌孜别克族',NULL),(309,'100038','民族','44','44_俄罗斯族','俄罗斯族',NULL),(310,'100038','民族','45','45_鄂温克族','鄂温克族',NULL),(311,'100038','民族','46','46_德昂族','德昂族',NULL),(312,'100038','民族','47','47_保安族','保安族',NULL),(313,'100038','民族','48','48_裕固族','裕固族',NULL),(314,'100038','民族','49','49_京族','京族',NULL),(315,'100038','民族','50','50_塔塔尔族','塔塔尔族',NULL),(316,'100038','民族','51','51_独龙族','独龙族',NULL),(317,'100038','民族','52','52_鄂伦春族','鄂伦春族',NULL),(318,'100038','民族','53','53_赫哲族','赫哲族',NULL),(319,'100038','民族','54','54_门巴族','门巴族',NULL),(320,'100038','民族','55','55_珞巴族','珞巴族',NULL),(321,'100038','民族','56','56_基诺族','基诺族',NULL),(322,'100038','民族','97','97_*未识别','*未识别',NULL),(323,'100038','民族','98','98_*外入中籍','*外入中籍',NULL),(324,'100039','子女性别','0','0_未知性别','未知性别','不填写'),(325,'100039','子女性别','1','1_男','男',NULL),(326,'100039','子女性别','2','2_女','女',NULL),(327,'100039','子女性别','9','9_未说明性别','未说明性别','不填写'),(328,'100040','修改类型','1','1_修改原值','修改原值',NULL),(329,'100040','修改类型','2','2_插入现值','插入现值',NULL),(330,'100040','修改类型','3','3_插入','插入',NULL),(331,'100040','修改类型','4','4_删除','删除',NULL),(332,'100041','是否晚婚（育）','1','1_是','是',NULL),(333,'100041','是否晚婚（育）','2','2_否','否',NULL),(334,'100042','是否独生子女','1','1_是','是',NULL),(335,'100042','是否独生子女','2','2_否','否',NULL),(336,'100043','是否“三为主”村居类别','1','1_是','是',NULL),(337,'100043','是否“三为主”村居类别','2','2_否','否',NULL),(338,'100044','村民自治村居类别','1','1_村民自治模范村','村民自治模范村',NULL),(339,'100044','村民自治村居类别','2','2_村居自治合格村','村居自治合格村',NULL),(340,'100045','政治面貌','1','1_中共党员','中共党员',NULL),(341,'100045','政治面貌','2','2_共青团员','共青团员',NULL),(342,'100045','政治面貌','3','3_民主党派','民主党派',NULL),(343,'100045','政治面貌','4','4_群众','群众',NULL),(344,'100045','政治面貌','5','5_其他','其他',NULL),(345,'100046','数据来源表','1','1_数据录入','数据录入',NULL),(346,'100046','数据来源表','2','2_网络下载','网络下载',NULL),(347,'100047','审批单位表','120000000001','120000000001_市计生委','市计生委',NULL),(348,'100047','审批单位表','120000000002','120000000002_市科研所','市科研所',NULL),(349,'100047','审批单位表','120101000000','120101000000_和平区','和平区',NULL),(350,'100047','审批单位表','120102000000','120102000000_河东区','河东区',NULL),(351,'100047','审批单位表','120103000000','120103000000_河西区','河西区',NULL),(352,'100047','审批单位表','120104000000','120104000000_南开区','南开区',NULL),(353,'100047','审批单位表','120105000000','120105000000_河北区','河北区',NULL),(354,'100047','审批单位表','120106000000','120106000000_红桥区','红桥区',NULL),(355,'100047','审批单位表','120107000000','120107000000_塘沽区','塘沽区',NULL),(356,'100047','审批单位表','120108000000','120108000000_汉沽区','汉沽区',NULL),(357,'100047','审批单位表','120109000000','120109000000_大港区','大港区',NULL),(358,'100047','审批单位表','120110000000','120110000000_东丽区','东丽区',NULL),(359,'100047','审批单位表','120111000000','120111000000_西青区','西青区',NULL),(360,'100047','审批单位表','120112000000','120112000000_津南区','津南区',NULL),(361,'100047','审批单位表','120113000000','120113000000_北辰区','北辰区',NULL),(362,'100047','审批单位表','120114000000','120114000000_武清区','武清区',NULL),(363,'100047','审批单位表','120115000000','120115000000_宝坻区','宝坻区',NULL),(364,'100047','审批单位表','120221000000','120221000000_宁河县','宁河县',NULL),(365,'100047','审批单位表','120223000000','120223000000_静海县','静海县',NULL),(366,'100047','审批单位表','120225000000','120225000000_蓟　县','蓟　县',NULL),(367,'100047','审批单位表','999999999999','999999999999_外省市','外省市',NULL),(368,'100048','户别','1','1_家庭户','家庭户',NULL),(369,'100048','户别','2','2_集体户','集体户',NULL),(370,'100048','户别','3','3_暂住户','暂住户',NULL),(371,'100048','户别','9','9_其他','其他',NULL),(372,'100049','户口性质','1','1_非农业户口','非农业户口','城镇居民'),(373,'100049','户口性质','2','2_农业户口','农业户口','农村居民'),(374,'100049','户口性质','3','3_蓝印户口','蓝印户口','增加代码'),(375,'100049','户口性质','9','9_其他','其他',NULL),(376,'100050','性别','0','0_未知的性别','未知的性别',NULL),(377,'100050','性别','1','1_男','男',NULL),(378,'100050','性别','2','2_女','女',NULL),(379,'100050','性别','9','9_未说明的性别','未说明的性别',NULL),(380,'100051','证件类型','1','1_公民身份证','公民身份证','默认'),(381,'100051','证件类型','2','2_军官证','军官证',NULL),(382,'100051','证件类型','3','3_士官证','士官证',NULL),(383,'100051','证件类型','4','4_港澳居民往来内地通行证','港澳居民往来内地通行证','增加代码'),(384,'100051','证件类型','5','5_来往大陆通行证','来往大陆通行证','增加代码'),(385,'100051','证件类型','6','6_护照','护照',NULL),(386,'100052','文化程度','10','10_研究生教育','研究生教育',NULL),(387,'100052','文化程度','11','11_博士研究生毕业','博士研究生毕业',NULL),(388,'100052','文化程度','12','12_博士研究生结业','博士研究生结业',NULL),(389,'100052','文化程度','13','13_博士研究生肄业','博士研究生肄业',NULL),(390,'100052','文化程度','14','14_硕士研究生毕业','硕士研究生毕业',NULL),(391,'100052','文化程度','15','15_硕士研究生结业','硕士研究生结业',NULL),(392,'100052','文化程度','16','16_硕士研究生肄业','硕士研究生肄业',NULL),(393,'100052','文化程度','17','17_研究生班毕业','研究生班毕业','研究生班：我国研究生教育中属于硕士生层次的一种非导师制的方式。其招生和入学条件与硕士生相似；学制两年'),(394,'100052','文化程度','18','18_研究生班结业','研究生班结业',NULL),(395,'100052','文化程度','19','19_研究生班肄业','研究生班肄业',NULL),(396,'100052','文化程度','20','20_大学本科','大学本科','大学本科'),(397,'100052','文化程度','21','21_大学本科毕业','大学本科毕业',NULL),(398,'100052','文化程度','22','22_大学本科结业','大学本科结业',NULL),(399,'100052','文化程度','23','23_大学本科肄业','大学本科肄业',NULL),(400,'100052','文化程度','28','28_大学普通班毕业','大学普通班毕业','是指1970年至1976年进入普通高校学习的毕业生包括高等专科、高等职业教育'),(401,'100052','文化程度','30','30_大学专科教育','大学专科教育',NULL),(402,'100052','文化程度','31','31_大学专科毕业','大学专科毕业',NULL),(403,'100052','文化程度','32','32_大学专科结业','大学专科结业',NULL),(404,'100052','文化程度','33','33_大学专科肄业','大学专科肄业',NULL),(405,'100052','文化程度','40','40_中等职业教育','中等职业教育','包括中等师范学校教育'),(406,'100052','文化程度','41','41_中等专科毕业','中等专科毕业',NULL),(407,'100052','文化程度','42','42_中等专科结业','中等专科结业',NULL),(408,'100052','文化程度','43','43_中等专科肄业','中等专科肄业',NULL),(409,'100052','文化程度','44','44_职业高中毕业','职业高中毕业',NULL),(410,'100052','文化程度','45','45_职业高中结业','职业高中结业',NULL),(411,'100052','文化程度','46','46_职业高中肄业','职业高中肄业',NULL),(412,'100052','文化程度','47','47_技工学校毕业','技工学校毕业',NULL),(413,'100052','文化程度','48','48_技工学校结业','技工学校结业',NULL),(414,'100052','文化程度','49','49_技工学校肄业','技工学校肄业',NULL),(415,'100052','文化程度','60','60_普通高级中学教育','普通高级中学教育',NULL),(416,'100052','文化程度','61','61_普通高中毕业','普通高中毕业',NULL),(417,'100052','文化程度','62','62_普通高中结业','普通高中结业',NULL),(418,'100052','文化程度','63','63_普通高中肄业','普通高中肄业',NULL),(419,'100052','文化程度','70','70_初级中学教育','初级中学教育',NULL),(420,'100052','文化程度','71','71_初中毕业','初中毕业',NULL),(421,'100052','文化程度','73','73_初中肄业','初中肄业',NULL),(422,'100052','文化程度','80','80_小学教育','小学教育',NULL),(423,'100052','文化程度','81','81_小学毕业','小学毕业',NULL),(424,'100052','文化程度','83','83_小学肄业','小学肄业',NULL),(425,'100052','文化程度','90','90_其他','其他','学龄前儿童登记为此项。'),(426,'100053','政治面貌','01','01_中国共产党党员','中国共产党党员','中共党员'),(427,'100053','政治面貌','02','02_中国共产党预备党员','中国共产党预备党员','中国预备党员'),(428,'100053','政治面貌','03','03_中国共产主义青年团团员','中国共产主义青年团团员','共青团员'),(429,'100053','政治面貌','04','04_中国国民党革命委员会会员','中国国民党革命委员会会员','民革会员'),(430,'100053','政治面貌','05','05_中国民主同盟盟员','中国民主同盟盟员','民盟盟员'),(431,'100053','政治面貌','06','06_中国民主建国会会员','中国民主建国会会员','民建会员'),(432,'100053','政治面貌','07','07_中国民主促进会会员','中国民主促进会会员','民进会员'),(433,'100053','政治面貌','08','08_中国农工民主党党员','中国农工民主党党员','农工党党员'),(434,'100053','政治面貌','09','09_中国致公党党员','中国致公党党员','致公党党员'),(435,'100053','政治面貌','10','10_九三学社社员','九三学社社员',NULL),(436,'100053','政治面貌','11','11_台湾民主自治同盟盟员','台湾民主自治同盟盟员','台盟盟员'),(437,'100053','政治面貌','12','12_无党派民主人士','无党派民主人士',NULL),(438,'100053','政治面貌','13','13_群众','群众',NULL),(439,'100054','职业','0','0_各类专业、技术人员','各类专业、技术人员',NULL),(440,'100054','职业','01','01_科学研究员','科学研究员',NULL),(441,'100054','职业','03','03_工程技术人员和农林技术人员','工程技术人员和农林技术人员',NULL),(442,'100054','职业','05','05_科学技术管理人员和辅助人员','科学技术管理人员和辅助人员',NULL),(443,'100054','职业','06','06_飞机和船舶技术人员','飞机和船舶技术人员',NULL),(444,'100054','职业','07','07_卫生技术人员','卫生技术人员',NULL),(445,'100054','职业','09','09_经济业务人员','经济业务人员',NULL),(446,'100054','职业','10','10_法律工作人员','法律工作人员',NULL),(447,'100054','职业','11','11_教学人员','教学人员',NULL),(448,'100054','职业','12','12_文艺、体育工作人员','文艺、体育工作人员',NULL),(449,'100054','职业','14','14_文化工作人员','文化工作人员',NULL),(450,'100054','职业','15','15_宗教职业者','宗教职业者',NULL),(451,'100054','职业','2','2_国家机关党群组织、企事业单位负责人','国家机关党群组织、企事业单位负责人',NULL),(452,'100054','职业','21','21_国家机关及其工作机构负责人','国家机关及其工作机构负责人',NULL),(453,'100054','职业','22','22_党群组织负责人','党群组织负责人',NULL),(454,'100054','职业','24','24_企、事业单位及其工作机构负责人','企、事业单位及其工作机构负责人',NULL),(455,'100054','职业','3','3_办事人员和有关人员','办事人员和有关人员',NULL),(456,'100054','职业','31','31_行政办事人员','行政办事人员',NULL),(457,'100054','职业','32','32_政治、保卫工作人员','政治、保卫工作人员',NULL),(458,'100054','职业','33','33_邮电工作人员','邮电工作人员',NULL),(459,'100054','职业','39','39_其他办事人员和有关人员','其他办事人员和有关人员',NULL),(460,'100054','职业','4','4_商业工作人员','商业工作人员',NULL),(461,'100054','职业','41','41_售货人员','售货人员',NULL),(462,'100054','职业','42','42_采购员和供销人员','采购员和供销人员',NULL),(463,'100054','职业','43','43_收购人员','收购人员',NULL),(464,'100054','职业','44','44_经纪人和有关人员','经纪人和有关人员',NULL),(465,'100054','职业','49','49_其他商业工作人员','其他商业工作人员',NULL),(466,'100054','职业','5','5_服务性工作人员','服务性工作人员',NULL),(467,'100054','职业','51','51_服务员','服务员',NULL),(468,'100054','职业','53','53_厨师和炊事员','厨师和炊事员',NULL),(469,'100054','职业','54','54_导游员','导游员',NULL),(470,'100054','职业','55','55_生活日用品修理人员','生活日用品修理人员',NULL),(471,'100054','职业','59','59_其他服务性工作人员','其他服务性工作人员',NULL),(472,'100054','职业','6','6_农、林、牧、渔劳动者','农、林、牧、渔劳动者',NULL),(473,'100054','职业','61','61_农业劳动者','农业劳动者',NULL),(474,'100054','职业','62','62_林业劳动者','林业劳动者',NULL),(475,'100054','职业','63','63_牧业劳动者','牧业劳动者',NULL),(476,'100054','职业','64','64_渔业劳动者','渔业劳动者',NULL),(477,'100054','职业','65','65_狩猎业劳动者','狩猎业劳动者',NULL),(478,'100054','职业','66','66_农业机械操作人员','农业机械操作人员',NULL),(479,'100054','职业','69','69_其他农林牧渔劳动者','其他农林牧渔劳动者',NULL),(480,'100054','职业','7','7_生产工人、运输工人和有关人员','生产工人、运输工人和有关人员',NULL),(481,'100054','职业','70','70_工段长','工段长',NULL),(482,'100054','职业','71','71_采矿、采石、勘探、钻井、采盐工人','采矿、采石、勘探、钻井、采盐工人',NULL),(483,'100054','职业','72','72_金属冶炼和处理工人','金属冶炼和处理工人',NULL),(484,'100054','职业','73','73_化学工人','化学工人',NULL),(485,'100054','职业','74','74_橡胶和塑料制品生产工人','橡胶和塑料制品生产工人',NULL),(486,'100054','职业','75','75_纺织、针织、印染工人','纺织、针织、印染工人',NULL),(487,'100054','职业','76','76_皮革、皮毛制造及制品制作工人','皮革、皮毛制造及制品制作工人',NULL),(488,'100054','职业','77','77_裁剪缝纫工人','裁剪缝纫工人',NULL),(489,'100054','职业','78','78_食品饮料制造工人','食品饮料制造工人',NULL),(490,'100054','职业','79','79_制烟工人','制烟工人',NULL),(491,'100054','职业','80','80_木材加工和木、竹、麻、藤、棕 、草制品制作工人','木材加工和木、竹、麻、藤、棕 、草制品制作工人',NULL),(492,'100054','职业','81','81_造纸和纸制品制作工人','造纸和纸制品制作工人',NULL),(493,'100054','职业','82','82_印刷工人和有关人员','印刷工人和有关人员',NULL),(494,'100054','职业','83','83_石料切割和雕刻工','石料切割和雕刻工',NULL),(495,'100054','职业','84','84_锻工、工具制造工、机床安装操作工','锻工、工具制造工、机床安装操作工',NULL),(496,'100054','职业','85','85_机器装配工和精密仪器制造工','机器装配工和精密仪器制造工',NULL),(497,'100054','职业','86','86_电气、电子设备安装工、修理工、装配工和有关人员','电气、电子设备安装工、修理工、装配工和有关人员',NULL),(498,'100054','职业','87','87_广播电台（站）录音设备操作人员和电影放映员','广播电台（站）录音设备操作人员和电影放映员',NULL),(499,'100054','职业','88','88_管工、焊工、冷作工和金属构件安装工','管工、焊工、冷作工和金属构件安装工',NULL),(500,'100054','职业','89','89_玻璃、陶瓷和搪瓷制品工人','玻璃、陶瓷和搪瓷制品工人',NULL),(501,'100054','职业','90','90_油漆工人','油漆工人',NULL),(502,'100054','职业','91','91_其他生产工人和有关人员','其他生产工人和有关人员',NULL),(503,'100054','职业','92','92_建筑工人','建筑工人',NULL),(504,'100054','职业','93','93_动力设备操作工','动力设备操作工',NULL),(505,'100054','职业','94','94_装卸工和有关设备操作工','装卸工和有关设备操作工',NULL),(506,'100054','职业','95','95_运输设备操作工','运输设备操作工',NULL),(507,'100054','职业','96','96_检验、计量、试验、分析人员和有关人员','检验、计量、试验、分析人员和有关人员',NULL),(508,'100054','职业','99','99_其他生产工人、运输工人和有关人员','其他生产工人、运输工人和有关人员',NULL),(509,'100054','职业','X','X_不便分类的其他劳动者','不便分类的其他劳动者',NULL),(510,'100055','与户主关系','01','01_本人','本人',NULL),(511,'100055','与户主关系','02','02_户主','户主',NULL),(512,'100055','与户主关系','03','03_小集体户户主','小集体户户主','在集体单身宿舍居住者推选的户口代理人。其成员为非亲属'),(513,'100055','与户主关系','10','10_配偶','配偶',NULL),(514,'100055','与户主关系','11','11_夫','夫',NULL),(515,'100055','与户主关系','12','12_妻','妻',NULL),(516,'100055','与户主关系','20','20_子','子',NULL),(517,'100055','与户主关系','21','21_独生子','独生子',NULL),(518,'100055','与户主关系','22','22_长子','长子',NULL),(519,'100055','与户主关系','23','23_次子','次子',NULL),(520,'100055','与户主关系','24','24_三子','三子',NULL),(521,'100055','与户主关系','25','25_四子','四子',NULL),(522,'100055','与户主关系','26','26_五子','五子',NULL),(523,'100055','与户主关系','27','27_养子或继子','养子或继子',NULL),(524,'100055','与户主关系','28','28_女婿','女婿',NULL),(525,'100055','与户主关系','29','29_其他子','其他子','包括前妻或前夫的儿子'),(526,'100055','与户主关系','30','30_女','女',NULL),(527,'100055','与户主关系','31','31_独生女','独生女',NULL),(528,'100055','与户主关系','32','32_长女','长女',NULL),(529,'100055','与户主关系','33','33_二女','二女',NULL),(530,'100055','与户主关系','34','34_三女','三女',NULL),(531,'100055','与户主关系','35','35_四女','四女',NULL),(532,'100055','与户主关系','36','36_五女','五女',NULL),(533,'100055','与户主关系','37','37_养女','养女',NULL),(534,'100055','与户主关系','38','38_儿媳','儿媳',NULL),(535,'100055','与户主关系','39','39_其他女儿','其他女儿','包括前妻或前夫的女儿'),(536,'100055','与户主关系','40','40_孙子、孙女或外孙子、外孙女','孙子、孙女或外孙子、外孙女',NULL),(537,'100055','与户主关系','41','41_孙子','孙子',NULL),(538,'100055','与户主关系','42','42_孙女','孙女',NULL),(539,'100055','与户主关系','43','43_外孙子','外孙子',NULL),(540,'100055','与户主关系','44','44_外孙女','外孙女',NULL),(541,'100055','与户主关系','45','45_孙媳妇或外孙媳妇','孙媳妇或外孙媳妇',NULL),(542,'100055','与户主关系','46','46_孙女婿或外孙女婿','孙女婿或外孙女婿',NULL),(543,'100055','与户主关系','47','47_曾孙子或外曾孙子','曾孙子或外曾孙子',NULL),(544,'100055','与户主关系','48','48_曾孙女或外曾孙女','曾孙女或外曾孙女',NULL),(545,'100055','与户主关系','49','49_其他孙子、孙女或外孙子、外孙女','其他孙子、孙女或外孙子、外孙女',NULL),(546,'100055','与户主关系','50','50_父母','父母',NULL),(547,'100055','与户主关系','51','51_父亲','父亲',NULL),(548,'100055','与户主关系','52','52_母亲','母亲',NULL),(549,'100055','与户主关系','53','53_公公','公公',NULL),(550,'100055','与户主关系','54','54_婆婆','婆婆',NULL),(551,'100055','与户主关系','55','55_岳父','岳父',NULL),(552,'100055','与户主关系','56','56_岳母','岳母',NULL),(553,'100055','与户主关系','57','57_继父或养父','继父或养父',NULL),(554,'100055','与户主关系','58','58_继母或养母','继母或养母',NULL),(555,'100055','与户主关系','59','59_其他父母关系','其他父母关系',NULL),(556,'100055','与户主关系','60','60_祖父母或外祖父母','祖父母或外祖父母',NULL),(557,'100055','与户主关系','61','61_祖父','祖父',NULL),(558,'100055','与户主关系','62','62_祖母','祖母',NULL),(559,'100055','与户主关系','63','63_外祖父','外祖父',NULL),(560,'100055','与户主关系','64','64_外祖母','外祖母',NULL),(561,'100055','与户主关系','65','65_配偶的祖父母或外祖父母','配偶的祖父母或外祖父母',NULL),(562,'100055','与户主关系','66','66_曾祖父','曾祖父',NULL),(563,'100055','与户主关系','67','67_曾祖母','曾祖母',NULL),(564,'100055','与户主关系','68','68_配偶的曾祖父母','配偶的曾祖父母',NULL),(565,'100055','与户主关系','69','69_其他祖父母或外祖父母关系','其他祖父母或外祖父母关系',NULL),(566,'100055','与户主关系','70','70_兄弟姐妹','兄弟姐妹',NULL),(567,'100055','与户主关系','71','71_兄','兄',NULL),(568,'100055','与户主关系','72','72_嫂','嫂',NULL),(569,'100055','与户主关系','73','73_弟','弟',NULL),(570,'100055','与户主关系','74','74_弟媳','弟媳',NULL),(571,'100055','与户主关系','75','75_姐姐','姐姐',NULL),(572,'100055','与户主关系','76','76_姐夫','姐夫',NULL),(573,'100055','与户主关系','77','77_妹妹','妹妹',NULL),(574,'100055','与户主关系','78','78_妹夫','妹夫',NULL),(575,'100055','与户主关系','79','79_其他兄弟姐妹','其他兄弟姐妹',NULL),(576,'100055','与户主关系','80/99','80/99_其他','其他',NULL),(577,'100055','与户主关系','81','81_伯父','伯父',NULL),(578,'100055','与户主关系','82','82_伯母','伯母',NULL),(579,'100055','与户主关系','83','83_叔父','叔父',NULL),(580,'100055','与户主关系','84','84_婶母','婶母',NULL),(581,'100055','与户主关系','85','85_舅父','舅父',NULL),(582,'100055','与户主关系','86','86_舅母','舅母',NULL),(583,'100055','与户主关系','87','87_姨父','姨父',NULL),(584,'100055','与户主关系','88','88_姨母','姨母',NULL),(585,'100055','与户主关系','89','89_姑父','姑父',NULL),(586,'100055','与户主关系','90','90_姑母','姑母',NULL),(587,'100055','与户主关系','91','91_堂兄弟、堂姐妹','堂兄弟、堂姐妹',NULL),(588,'100055','与户主关系','92','92_表兄弟、表姐妹','表兄弟、表姐妹',NULL),(589,'100055','与户主关系','93','93_侄子','侄子',NULL),(590,'100055','与户主关系','94','94_侄女','侄女',NULL),(591,'100055','与户主关系','95','95_外甥','外甥',NULL),(592,'100055','与户主关系','96','96_外甥女','外甥女',NULL),(593,'100055','与户主关系','97','97_其他亲属','其他亲属','在亲属中同户主的家庭关系表现困难者'),(594,'100055','与户主关系','98','98_保姆','保姆','不包括亲属'),(595,'100055','与户主关系','99','99_非亲属','非亲属','没有亲属关系但为共同的家庭成员或在同一户居住者'),(596,'100056','进入全员系统原因','1','1_出生','出生',NULL),(597,'100056','进入全员系统原因','2','2_迁入','迁入',NULL),(598,'100056','进入全员系统原因','3','3_流入','流入',NULL),(599,'100056','进入全员系统原因','4','4_加入中国籍','加入中国籍',NULL),(600,'100057','退出全员系统原因','2','2_死亡','死亡',NULL),(601,'100057','退出全员系统原因','4','4_迁出','迁出','迁出本市'),(602,'100057','退出全员系统原因','5','5_其他','其他',NULL),(603,'100058','居住状况','1','1_常住','常住',NULL),(604,'100058','居住状况','2','2_租住','租住','拥有本市户籍人口'),(605,'100058','居住状况','3','3_暂住','暂住','专指流动人口'),(606,'100059','数据来源','1','1_WIS数据导入','WIS数据导入',NULL),(607,'100059','数据来源','2','2_录入','录入',NULL),(608,'100060','残疾类别','1','1_视力残疾','视力残疾',NULL),(609,'100060','残疾类别','2','2_听力残疾','听力残疾',NULL),(610,'100060','残疾类别','3','3_言语残疾','言语残疾',NULL),(611,'100060','残疾类别','4','4_肢体残疾','肢体残疾',NULL),(612,'100060','残疾类别','5','5_智力残疾','智力残疾',NULL),(613,'100060','残疾类别','6','6_精神残疾','精神残疾',NULL),(614,'100061','残疾等级','1','1_一级','一级',NULL),(615,'100061','残疾等级','2','2_二级','二级',NULL),(616,'100061','残疾等级','3','3_三级','三级',NULL),(617,'100061','残疾等级','4','4_四级','四级',NULL),(618,'100062','违法生育立案条件','1','1_非婚','非婚',NULL),(619,'100062','违法生育立案条件','2','2_未经审批','未经审批',NULL),(620,'100062','违法生育立案条件','3','3_计划外','计划外',NULL),(621,'100062','违法生育立案条件','4','4_不够间隔','不够间隔',NULL),(622,'100062','违法生育立案条件','5','5_非法收养','非法收养',NULL),(623,'100063','征收案件来源','1','1_本人自述','本人自述',NULL),(624,'100063','征收案件来源','2','2_群众举报','群众举报',NULL),(625,'100063','征收案件来源','3','3_工作发现','工作发现',NULL),(626,'100064','社会抚养费征收方式','1','1_法院强制','法院强制',NULL),(627,'100064','社会抚养费征收方式','2','2_主动缴纳','主动缴纳',NULL),(628,'100065','是否逻辑','1','1_是','是',NULL),(629,'100065','是否逻辑','2','2_否','否',NULL),(630,'100066','行政区划','1','1_区划名称','区划名称',NULL),(631,'100066','行政区划','2','2_区划代码','区划代码',NULL),(632,'100066','行政区划','3','3_自动编码','自动编码','区划内小区顺序码'),(633,'100066','行政区划','4','4_区划内包含小区、胡同名称','区划内包含小区、胡同名称',NULL),(634,'100067','退出特别扶助系统原因','1','1_子女数增加','子女数增加',NULL),(635,'100067','退出特别扶助系统原因','2','2_残疾子女康复','残疾子女康复',NULL),(636,'100067','退出特别扶助系统原因','3','3_户口迁出本市','户口迁出本市',NULL),(637,'100067','退出特别扶助系统原因','4','4_死亡','死亡',NULL),(638,'100067','退出特别扶助系统原因','5','5_审批错误','审批错误',NULL),(639,'100067','退出特别扶助系统原因','6','6_其他原因','其他原因',NULL),(640,'100068','退出奖励扶助系统原因','1','1_本人或配偶的户口性质改为“非农业”','本人或配偶的户口性质改为“非农业”',NULL),(641,'100068','退出奖励扶助系统原因','2','2_本人违反规定再生育子女的','本人违反规定再生育子女的',NULL),(642,'100068','退出奖励扶助系统原因','3','3_依法再生育或收养子女后，子女数不再符合规定条件的','依法再生育或收养子女后，子女数不再符合规定条件的',NULL),(643,'100068','退出奖励扶助系统原因','4','4_本人死亡','本人死亡',NULL),(644,'100068','退出奖励扶助系统原因','5','5_本人户口迁出本市','本人户口迁出本市',NULL),(645,'100068','退出奖励扶助系统原因','6','6_其他原因','其他原因',NULL),(646,'100069','生育服务证作废原因','1','1_子女死亡','子女死亡',NULL),(647,'100069','生育服务证作废原因','2','2_流产','流产',NULL),(648,'100069','生育服务证作废原因','3','3_提供信息有误','提供信息有误',NULL),(649,'100069','生育服务证作废原因','4','4_信息录入错误','信息录入错误',NULL),(650,'100069','生育服务证作废原因','6','6_其他','其他',NULL),(651,'100070','独生子女费发放单位','1','1_工作单位','工作单位',NULL),(652,'100070','独生子女费发放单位','2','2_街道（乡、镇）','街道（乡、镇）',NULL),(653,'100070','独生子女费发放单位','3','3_其他','其他',NULL),(654,'100056','进入全员系统原因','6','6_外嫁入','外嫁入',NULL),(655,'100056','进入全员系统原因','5','5_其他','其他',NULL),(656,'100003','退出WIS系统原因','5','5_死亡','死亡',NULL),(657,'100016','职业','10','10_职员','职员',NULL),(658,'100005','管理类别','8','8_企业管理','企业管理',NULL),(659,'100005','管理类别','21','21_本区跨街（乡、镇）户在人不在','本区跨街（乡、镇）户在人不在',NULL),(660,'100005','管理类别','22','22_跨区户在人不在','跨区户在人不在',NULL),(661,'100005','管理类别','31','31_本区跨街（乡、镇）人在户不在','本区跨街（乡、镇）人在户不在',NULL),(662,'100005','管理类别','32','32_跨区人在户不在','跨区人在户不在',NULL),(663,'sf','是否','1','是','是',NULL),(664,'sf','是否','0','否','否',NULL),(665,'zdfwrylb','其他重点服务人员管理类别','1','意愿强烈',NULL,NULL),(666,'zdfwrylb','其他重点服务人员管理类别','2','有疾患',NULL,NULL),(667,'zdfwrylb','其他重点服务人员管理类别','3','再婚不能生育',NULL,NULL),(668,'1','活动人员类别','01','村民代表',NULL,''),(669,'1','活动人员类别','02','协会中心户长',NULL,''),(670,'1','活动人员类别','03','宣传小教员',NULL,''),(671,'1','活动人员类别','04','准妈妈',NULL,''),(672,'1','活动人员类别','05','0-3岁婴幼儿家长',NULL,''),(673,'1','活动人员类别','06','社区青少年',NULL,''),(674,'1','活动人员类别','07','育龄群众代表',NULL,''),(675,'2','会议类别','01','村居领导小组会议',NULL,''),(676,'2','会议类别','02','计生协会工作会',NULL,''),(677,'3','人员类别','01','村民代表',NULL,''),(678,'3','人员类别','02','协会中心户长',NULL,''),(686,'','既往避孕史','1','口服避孕药',NULL,NULL),(687,'','既往避孕史','2','宫内节育器',NULL,NULL),(688,'','既往避孕史','3','皮下埋置剂',NULL,NULL),(689,'','既往避孕史','4','长效避孕针',NULL,NULL),(690,'','既往避孕史','5','外用避孕针',NULL,NULL),(691,'','既往避孕史','6','外用避孕药',NULL,NULL),(692,'','既往避孕史','7','输卵管结扎',NULL,NULL),(693,'','既往避孕史','8','男用避孕药',NULL,NULL),(694,'','既往避孕史','9','安全期避孕',NULL,NULL),(695,'','未采取避孕措施原因','1','新婚',NULL,NULL),(696,'','未采取避孕措施原因','2','不孕',NULL,NULL),(697,'','现避孕方法状况','1','适宜',NULL,NULL),(698,'','现避孕方法状况','2','不适宜',NULL,NULL),(699,'','既往生殖健康史','1','健康',NULL,NULL),(700,'','既往生殖健康史','2','不健康（霉菌）',NULL,NULL),(701,'','既往生殖健康史','3','不健康（滴虫）',NULL,NULL),(702,'','既往生殖健康史','4','不健康（宫颈炎）',NULL,NULL),(703,'','既往生殖健康史','5','不健康（盆腔炎）',NULL,NULL),(704,'','既往生殖健康史','6','不健康（附件炎）',NULL,NULL),(705,'100029','流动原因代码','2','2_经商','经商',NULL),(706,'100029','流动原因代码','3','3_其他','其他',NULL),(707,'100029','流动原因代码','4','4_外逃','外逃',NULL),(708,'100029','流动原因代码','5','5_无业','无业',NULL),(709,'200027','流动原因代码','10','10_务农经商',NULL,NULL),(710,'200027','流动原因代码','20','20_随同流动',NULL,NULL),(711,'200027','流动原因代码','90','90_其他',NULL,NULL),(712,'100029','流动原因代码','1','1_务工','务工',NULL),(713,'200001','流入类型','1','1_单身流动','单身流动',NULL),(714,'200001','流入类型','2','2_配偶同来','配偶同来',NULL),(715,'200001','流入类型','3','3_家庭式流入','家庭式流入',NULL),(716,'200001','流入类型','4','4_其它方式','其它方式',NULL),(717,'离开原因','离开原因','1','迁出',NULL,NULL),(718,'离开原因','离开原因','4','死亡',NULL,NULL),(719,'','人口类别','01','常住人口',NULL,NULL),(720,'','人口类别','02','流动人口',NULL,NULL),(721,'','人口类别','03','残疾人',NULL,NULL),(722,'','人口类别','04','老年人',NULL,NULL),(723,'','人口类别','05','低保人员',NULL,NULL),(724,'检查','检查','1','正常',NULL,NULL),(725,'检查','检查','2','异常',NULL,NULL),(726,'双侧乳房','双侧乳房','1','对称',NULL,NULL),(727,'双侧乳房','双侧乳房','2','不对称',NULL,NULL),(728,'宫内节育器位置','宫内节育器位置','1','正常',NULL,NULL),(729,'宫内节育器位置','宫内节育器位置','2','移位',NULL,NULL),(730,'宫内节育器位置','宫内节育器位置','3','嵌顿',NULL,NULL),(731,'外阴','外阴','1','未产型',NULL,NULL),(732,'外阴','外阴','2','已产型',NULL,NULL),(733,'阴道','阴道','1','通畅',NULL,NULL),(734,'阴道','阴道','2','异常',NULL,NULL),(735,'宫颈','宫颈','1','光滑',NULL,NULL),(736,'宫颈','宫颈','2','糜烂I度',NULL,NULL),(737,'宫颈','宫颈','3','糜烂II度',NULL,NULL),(738,'宫颈','宫颈','4','糜烂III度',NULL,NULL),(739,'宫颈息肉','宫颈息肉','1','肥大',NULL,NULL),(740,'宫颈息肉','宫颈息肉','2','息肉',NULL,NULL),(741,'有无','有无','1','有',NULL,NULL),(742,'有无','有无','2','无',NULL,NULL),(743,'白带','白带','1','正常',NULL,NULL),(744,'白带','白带','2','增多',NULL,NULL),(745,'白带','白带','3','异味',NULL,NULL),(746,'白带','白带','4','色改变',NULL,NULL),(747,'子宫','子宫','1','正常-前位',NULL,NULL),(748,'子宫','子宫','2','正常-后位',NULL,NULL),(749,'子宫','子宫','3','正常-水平位',NULL,NULL),(750,'子宫','子宫','4','异常',NULL,NULL),(751,'月经周期','月经周期','1','延长',NULL,NULL),(752,'月经周期','月经周期','2','缩短',NULL,NULL),(753,'月经周期','月经周期','3','点滴出血',NULL,NULL),(754,'月经周期','月经周期','4','突发性出血',NULL,NULL),(755,'经量','经量','1','增多',NULL,NULL),(756,'经量','经量','2','减少',NULL,NULL),(757,'经量','经量','3','闭经',NULL,NULL),(758,'疼痛','疼痛','1','乳房胀痛',NULL,NULL),(759,'疼痛','疼痛','2','腰背痛',NULL,NULL),(760,'疼痛','疼痛','3','下腹痛',NULL,NULL),(761,'疼痛','疼痛','4','痛经',NULL,NULL),(762,'更换原因','更换原因','1','生育',NULL,NULL),(763,'更换原因','更换原因','2','副反应',NULL,NULL),(764,'更换原因','更换原因','3','生殖道疾病',NULL,NULL),(765,'更换原因','更换原因','4','其它疾病',NULL,NULL),(766,'宫内节育器','宫内节育器','1','移位',NULL,NULL),(767,'宫内节育器','宫内节育器','2','嵌顿',NULL,NULL),(768,'宫内节育器','宫内节育器','3','脱落',NULL,NULL),(769,'宫内节育器','宫内节育器','4','带器妊娠',NULL,''),(770,'计生活动形式','计生活动形式','01','培训','培训',''),(771,'计生活动形式','计生活动形式','02','户外宣传','户外宣传',''),(772,'计生活动人员类别','计生活动人员类别','01','村民代表','村民代表',''),(773,'计生活动人员类别','计生活动人员类别','02','协会中心户长','协会中心户长',''),(774,'计生活动人员类别','计生活动人员类别','03','宣传小教员','宣传小教员',''),(775,'计生活动人员类别','计生活动人员类别','04','准妈妈','准妈妈',''),(776,'计生活动人员类别','计生活动人员类别','05','0-3岁婴幼儿家长','0-3岁婴幼儿家长',''),(777,'计生活动人员类别','计生活动人员类别','06','青少年','青少年',''),(778,'计生活动人员类别','计生活动人员类别','07','育龄妇女代表','育龄妇女代表',''),(779,'村务公开方式','村务公开方式','01','张榜','张榜',''),(780,'村务公开方式','村务公开方式','02','广播','广播',''),(781,'村务公开方式','村务公开方式','03','网站','网站',''),(782,'支出用途','支出用途','01','活动投入','活动投入',''),(783,'支出用途','支出用途','02','工资','工资',''),(784,'支出用途','支出用途','03','手术费','手术费',''),(785,'支出用途','支出用途','04','打车费','打车费',''),(786,'支出用途','支出用途','05','慰问金','慰问金',''),(787,'重点人管理种类','重点人管理种类','1','人户分离','人户分离',NULL),(788,'重点人管理种类','重点人管理种类','2','再婚不能生育','再婚不能生育',NULL),(789,'重点人管理种类','重点人管理种类','3','意愿强烈','意愿强烈',NULL),(790,'重点人管理种类','重点人管理种类','4','有疾患','有疾患',NULL),(791,'家庭类别','','1','核心家庭',NULL,NULL),(792,'家庭类别','','2','主干家庭',NULL,NULL),(793,'家庭类别','','3','单亲家庭',NULL,NULL),(794,'家庭类别','','4','重组家庭',NULL,NULL),(795,'家庭类别','','5','新婚家庭',NULL,NULL),(796,'家庭类别','','6','空巢家庭',NULL,NULL),(797,'家庭类别','','7','新市民家庭',NULL,NULL),(798,'家庭类别','','8','其他',NULL,NULL),(799,'既往病史','','1','心脏病',NULL,NULL),(800,'既往病史','','2','肾病',NULL,NULL),(801,'既往病史','','3','高血压',NULL,NULL),(802,'既往病史','','4','糖尿病',NULL,NULL),(803,'既往病史','','5','肝病',NULL,NULL),(804,'既往病史','','6','结核',NULL,NULL),(805,'既往病史','','7','甲亢',NULL,NULL),(806,'既往病史','','8','其它',NULL,NULL),(807,'再生育原因','','01','儿残',NULL,NULL),(808,'再生育原因','','02','再婚',NULL,NULL),(809,'再生育原因','','03','收养再孕',NULL,NULL),(810,'再生育原因','','04','双归',NULL,NULL),(811,'再生育原因','','05','双独',NULL,NULL),(812,'再生育原因','','06','少数民族',NULL,NULL),(813,'再生育原因','','07','成残',NULL,NULL),(814,'再生育原因','','08','单独',NULL,NULL),(815,'再生育原因','','09','招婿',NULL,NULL),(816,'再生育原因','','10','山区',NULL,NULL),(817,'再生育原因','','11','替生',NULL,NULL),(818,'再生育原因','','12','特困',NULL,NULL),(819,'孕前接受教育形式','','1','上课',NULL,NULL),(820,'孕前接受教育形式','','2','光盘',NULL,NULL),(821,'孕前接受教育形式','','3','资料',NULL,NULL),(822,'孕前接受教育形式','','4','图片',NULL,NULL),(823,'孕前接受教育形式','','5','其它',NULL,NULL),(824,'专家咨询形式','','1','电话',NULL,NULL),(825,'专家咨询形式','','2','面对面',NULL,NULL),(826,'专家咨询形式','','3','书信',NULL,NULL),(827,'专家咨询形式','','4','家访',NULL,NULL),(828,'专家咨询形式','','5','其它',NULL,NULL),(829,'服务提示种类','服务提示种类','0101','新婚服务\r\n',NULL,'/fw/xhdyry/xhdyry!input.action'),(830,'服务提示种类','服务提示种类','0201','现孕服务\r\n',NULL,'/fw/xyry/xyry!input.action'),(831,'服务提示种类','服务提示种类','0301','产后服务\r\n',NULL,'/fw/syry/syry!input.action'),(832,'服务提示种类','服务提示种类','0401','长效服务\r\n',NULL,'/fw/cqbycsry/cqbycsry!input.action'),(833,'服务提示种类','服务提示种类','0501','短效服务\r\n',NULL,'/fw/dxbycsry/dxbycsry!input.action'),(834,'服务提示种类','服务提示种类','0601','上环随访\r\n',NULL,'/fw/dnsh/dnsh!input.action'),(835,'服务提示种类','服务提示种类','0701','取环随访\r\n',NULL,'/fw/qhry/qhry!input.action'),(836,'服务提示种类','服务提示种类','0801','流引随访\r\n',NULL,'/fw/lyc/lyc!input.action'),(837,'服务提示种类','服务提示种类','0901','结扎随访\r\n',NULL,'/fw/jzry/jzry!input.action'),(838,'服务提示种类','服务提示种类','zd1','有疾患\r\n',NULL,NULL),(839,'服务提示种类','服务提示种类','zd2','意愿强烈\r\n',NULL,NULL),(840,'服务提示种类','服务提示种类','zd3','再婚不能生育\r\n',NULL,NULL),(841,'服务提示种类','服务提示种类','zd4','人户分离\r\n',NULL,NULL),(842,'服务提示种类','服务提示种类','da1','核心家庭\r\n',NULL,NULL),(843,'服务提示种类','服务提示种类','da2','主干家庭\r\n',NULL,NULL),(844,'服务提示种类','服务提示种类','da3','单亲家庭\r\n',NULL,NULL),(845,'服务提示种类','服务提示种类','da4','重组家庭\r\n',NULL,NULL),(846,'服务提示种类','服务提示种类','da5','新婚家庭\r\n',NULL,NULL),(847,'服务提示种类','服务提示种类','da6','空巢家庭\r\n',NULL,NULL),(848,'服务提示种类','服务提示种类','da7','新市民家庭\r\n',NULL,NULL),(849,'房屋性质','房屋性质','01','公租','公租',''),(850,'房屋性质','房屋性质','02','限价','限价',''),(851,'房屋性质','房屋性质','03','商品','商品',''),(852,'家庭成员有兴趣爱好','家庭成员有兴趣爱好','01','书法','书法',''),(853,'家庭成员有兴趣爱好','家庭成员有兴趣爱好','02','绘画','绘画',''),(854,'家庭成员有兴趣爱好','家庭成员有兴趣爱好','03','唱歌','唱歌',''),(855,'家庭成员有兴趣爱好','家庭成员有兴趣爱好','04','舞蹈','舞蹈',''),(856,'家庭成员有兴趣爱好','家庭成员有兴趣爱好','05','其他','其他',''),(857,'家庭成员有参加志愿者队伍意愿','家庭成员有参加志愿者队伍意愿','01','文体团队','文体团队',''),(858,'家庭成员有参加志愿者队伍意愿','家庭成员有参加志愿者队伍意愿','02','楼门长','楼门长',''),(859,'家庭成员有参加志愿者队伍意愿','家庭成员有参加志愿者队伍意愿','03','义务巡逻队','义务巡逻队',''),(860,'家庭成员有参加志愿者队伍意愿','家庭成员有参加志愿者队伍意愿','04','其他','其他',''),(861,'','报表月份','01','',NULL,NULL),(862,'','报表月份','02','',NULL,NULL),(863,'','报表月份','03','',NULL,NULL),(864,'','报表月份','04','',NULL,NULL),(865,'','报表月份','05','',NULL,NULL),(866,'','报表月份','06','',NULL,NULL),(867,'','报表月份','07','',NULL,NULL),(868,'','报表月份','08','',NULL,NULL),(869,'','报表月份','09','',NULL,NULL),(870,'','报表月份','10','',NULL,NULL),(871,'','报表月份','11','',NULL,NULL),(872,'','报表月份','12','',NULL,NULL),(873,'宫内节育器类型','宫内节育器类型','01','T型环','T型环',''),(874,'宫内节育器类型','宫内节育器类型','02','吉妮环','吉妮环',''),(875,'宫内节育器类型','宫内节育器类型','03','花式环','花式环',''),(876,'宫内节育器类型','宫内节育器类型','04','爱母环','爱母环',''),(877,'宫内节育器类型','宫内节育器类型','05','宫型环','宫型环',''),(878,'宫内节育器类型','宫内节育器类型','06','麻花环','麻花环',''),(879,'宫内节育器类型','宫内节育器类型','07','母体乐环','母体乐环',''),(880,'宫内节育器类型','宫内节育器类型','08','其他环','其他环','');

/*Table structure for table `t_system_department` */

DROP TABLE IF EXISTS `t_system_department`;

CREATE TABLE `t_system_department` (
  `id` bigint(20) NOT NULL AUTO_INCREMENT COMMENT '{"name":"id","inputType":"hidden"}',
  `deptname` varchar(30) DEFAULT NULL COMMENT '{"name":"部门名称","inputType":"text"}',
  `deptphone` varchar(20) DEFAULT NULL COMMENT '{"name":"部门电话","inputType":"text"}',
  `deptadress` varchar(30) DEFAULT NULL COMMENT '{"name":"部门地址","inputType":"text"}',
  `deptfzr` varchar(10) DEFAULT NULL COMMENT '{"name":"部门负责人","inputType":"text"}',
  `deptlxr` varchar(10) DEFAULT NULL COMMENT '{"name":"部门联系人","inputType":"text"}',
  `fid` bigint(20) DEFAULT NULL COMMENT '{"name":"父级部门ID","inputType":"text"}',
  PRIMARY KEY (`id`)
) ENGINE=InnoDB AUTO_INCREMENT=120503 DEFAULT CHARSET=utf8 COMMENT='工作部门';

/*Data for the table `t_system_department` */

insert  into `t_system_department`(`id`,`deptname`,`deptphone`,`deptadress`,`deptfzr`,`deptlxr`,`fid`) values (1,'人大系统','','','','',0),(2,'人大代表团','12312','','','',0),(110000,'市人大',NULL,NULL,NULL,NULL,1),(110100,'办公厅',NULL,NULL,NULL,NULL,110000),(110101,'秘书处',NULL,NULL,NULL,NULL,110100),(110102,'值班接待处',NULL,NULL,NULL,NULL,110100),(110103,'行政财务处',NULL,NULL,NULL,NULL,110100),(110104,'老干部处',NULL,NULL,NULL,NULL,110100),(110200,'信访办',NULL,NULL,NULL,NULL,110000),(110201,'一处',NULL,NULL,NULL,NULL,110200),(110202,'二处',NULL,NULL,NULL,NULL,110200),(110300,'研究室',NULL,NULL,NULL,NULL,110000),(110301,'综合处',NULL,NULL,NULL,NULL,110300),(110302,'调研处',NULL,NULL,NULL,NULL,110300),(110303,'新闻处',NULL,NULL,NULL,NULL,110300),(110304,'期刊处',NULL,NULL,NULL,NULL,110300),(110400,'代联室',NULL,NULL,NULL,NULL,110000),(110401,'综合处',NULL,NULL,NULL,NULL,110400),(110402,'议案处',NULL,NULL,NULL,NULL,110400),(110403,'选举处（全国人大代表联络处）',NULL,NULL,NULL,NULL,110400),(110500,'人事室',NULL,NULL,NULL,NULL,110000),(110501,'综合处',NULL,NULL,NULL,NULL,110500),(110502,'人事处',NULL,NULL,NULL,NULL,110500),(110600,'法制委',NULL,NULL,NULL,NULL,110000),(110601,'综合处',NULL,NULL,NULL,NULL,110600),(110602,'一处',NULL,NULL,NULL,NULL,110600),(110603,'二处',NULL,NULL,NULL,NULL,110600),(110604,'备案审查处',NULL,NULL,NULL,NULL,110600),(110700,'内司委',NULL,NULL,NULL,NULL,110000),(110701,'综合处',NULL,NULL,NULL,NULL,110700),(110800,'财经委',NULL,NULL,NULL,NULL,110000),(110801,'综合处',NULL,NULL,NULL,NULL,110800),(110802,'计划预算处',NULL,NULL,NULL,NULL,110800),(110900,'城建委',NULL,NULL,NULL,NULL,110000),(110901,'综合处',NULL,NULL,NULL,NULL,110900),(110902,'环保处',NULL,NULL,NULL,NULL,110900),(111000,'农村委',NULL,NULL,NULL,NULL,110000),(111001,'综合处',NULL,NULL,NULL,NULL,111000),(111100,'民宗侨委',NULL,NULL,NULL,NULL,110000),(111101,'综合处',NULL,NULL,NULL,NULL,111100),(111200,'机关党委',NULL,NULL,NULL,NULL,110000),(111300,'机关工会',NULL,NULL,NULL,NULL,110000),(111400,'代表进修学校',NULL,NULL,NULL,NULL,110000),(111500,'立法研究所',NULL,NULL,NULL,NULL,110000),(111600,'人大之友',NULL,NULL,NULL,NULL,110000),(111700,'秘书',NULL,NULL,NULL,NULL,110000),(120000,'区县人大',NULL,NULL,NULL,NULL,1),(120100,'滨海新区',NULL,NULL,NULL,NULL,120000),(120200,'和平区',NULL,NULL,NULL,NULL,120000),(120300,'河东区',NULL,NULL,NULL,NULL,120000),(120400,'河西区',NULL,NULL,NULL,NULL,120000),(120500,'南开区',NULL,NULL,NULL,NULL,120000),(120502,'河西代表团','222','','','',2);

/*Table structure for table `t_system_menu` */

DROP TABLE IF EXISTS `t_system_menu`;

CREATE TABLE `t_system_menu` (
  `menuname` varchar(50) DEFAULT NULL COMMENT '{"name":"菜单名称","inputType":"text"}',
  `url` varchar(100) DEFAULT NULL COMMENT '{"name":"菜单url","inputType":"text"}',
  `pid` varchar(20) DEFAULT NULL COMMENT '{"name":"父级菜单ID","inputType":"text"}',
  `sfxs` varchar(2) DEFAULT NULL COMMENT '{"name":"是否显示","inputType":"text"}',
  `sx` varchar(2) DEFAULT NULL COMMENT '{"name":"顺序","inputType":"text"}',
  `id` bigint(20) NOT NULL AUTO_INCREMENT COMMENT '{"name":"id","inputType":"hidden"}',
  PRIMARY KEY (`id`)
) ENGINE=InnoDB AUTO_INCREMENT=19 DEFAULT CHARSET=utf8 COMMENT='菜单信息';

/*Data for the table `t_system_menu` */

insert  into `t_system_menu`(`menuname`,`url`,`pid`,`sfxs`,`sx`,`id`) values ('议案建议','2','0','1','1',1),('会议文件','/jsp/hywj/input-hywj.jsp','0','1','2',2),('代表履职',NULL,'0',NULL,'3',3),('信息资料',NULL,'0',NULL,'4',4),('学习资料',NULL,'0',NULL,'5',5),('意见征集',NULL,'0',NULL,'6',6),('系统管理',NULL,'0',NULL,'7',7),('主任会议','/jsp/hywj/list-hywj.jsp?search_EQ_wjsslm=1','2',NULL,NULL,8),('常委会','/jsp/hywj/list-hywj.jsp?search_EQ_wjsslm=2','2',NULL,NULL,9),('市人代会','/jsp/hywj/list-hywj.jsp?search_EQ_wjsslm=3','2',NULL,NULL,10),('其它文件','/jsp/hywj/list-hywj.jsp?search_EQ_wjsslm=4','2',NULL,NULL,11),('角色管理','/jsp/system/list-role.jsp','7',NULL,NULL,12),('用户管理','/jsp/system/list-user.jsp','7',NULL,NULL,13),('权限管理','/jsp/system/list-authorize.jsp','7',NULL,NULL,15),('菜单管理','/jsp/system/list-menu.jsp','7',NULL,NULL,16),('部门管理','/jsp/system/list-department.jsp','7','','',18);

/*Table structure for table `t_system_role` */

DROP TABLE IF EXISTS `t_system_role`;

CREATE TABLE `t_system_role` (
  `id` int(11) NOT NULL AUTO_INCREMENT,
  `rolename` varchar(50) NOT NULL DEFAULT '' COMMENT '{"name":"角色","inputType":"text"}',
  `description` varchar(50) NOT NULL DEFAULT '' COMMENT '{"name":"描述","inputType":"text"}',
  PRIMARY KEY (`id`),
  UNIQUE KEY `role_name` (`rolename`)
) ENGINE=InnoDB AUTO_INCREMENT=10 DEFAULT CHARSET=utf8 CHECKSUM=1 DELAY_KEY_WRITE=1 ROW_FORMAT=DYNAMIC COMMENT='角色';

/*Data for the table `t_system_role` */

insert  into `t_system_role`(`id`,`rolename`,`description`) values (1,'工作人员',''),(2,'审核上传文件','1'),(3,'后台管理员','后台管理员'),(4,'人大代表',''),(5,'22','333'),(6,'tes22',''),(7,'',''),(8,'3',''),(9,'33','');

/*Table structure for table `t_system_role_authorize` */

DROP TABLE IF EXISTS `t_system_role_authorize`;

CREATE TABLE `t_system_role_authorize` (
  `id` int(10) unsigned NOT NULL AUTO_INCREMENT COMMENT '主键',
  `role_id` int(11) NOT NULL COMMENT '角色ID',
  `auth_id` int(11) NOT NULL COMMENT '增删改查对应1234以后需要再扩展',
  PRIMARY KEY (`id`),
  KEY `idx_t_role_authorize` (`role_id`,`auth_id`)
) ENGINE=InnoDB AUTO_INCREMENT=43 DEFAULT CHARSET=utf8;

/*Data for the table `t_system_role_authorize` */

insert  into `t_system_role_authorize`(`id`,`role_id`,`auth_id`) values (23,4,3),(24,4,4),(25,4,5),(26,4,6),(27,4,7),(28,4,8),(29,4,9),(30,4,10),(31,4,11),(32,4,12),(33,4,13),(34,4,14),(35,4,15),(36,4,16),(37,4,17),(38,4,18),(39,4,19),(40,4,20),(41,4,21),(42,4,22);

/*Table structure for table `t_system_role_menu` */

DROP TABLE IF EXISTS `t_system_role_menu`;

CREATE TABLE `t_system_role_menu` (
  `id` int(10) unsigned NOT NULL AUTO_INCREMENT,
  `roleid` int(11) NOT NULL COMMENT '{"name":"角色ID","inputType":"text"}',
  `menuid` int(11) NOT NULL COMMENT '{"name":"菜单ID","inputType":"text"}',
  PRIMARY KEY (`id`),
  KEY `idx_t_rold_menu_rid_mid` (`roleid`,`menuid`)
) ENGINE=InnoDB AUTO_INCREMENT=125 DEFAULT CHARSET=utf8;

/*Data for the table `t_system_role_menu` */

insert  into `t_system_role_menu`(`id`,`roleid`,`menuid`) values (119,1,2),(124,1,3),(120,1,8),(121,1,9),(122,1,10),(123,1,11),(7,2,1),(8,2,2),(97,3,2),(102,3,3),(103,3,7),(98,3,8),(99,3,9),(100,3,10),(101,3,11),(104,3,12),(105,3,13),(106,3,15),(107,3,16),(108,3,18),(57,4,2),(60,4,3),(61,4,4),(62,4,5),(63,4,6),(64,4,7),(58,4,8),(59,4,9),(65,4,12),(66,4,13);

/*Table structure for table `t_system_user` */

DROP TABLE IF EXISTS `t_system_user`;

CREATE TABLE `t_system_user` (
  `id` bigint(20) NOT NULL AUTO_INCREMENT COMMENT '{"name":"id","inputType":"hidden"}',
  `loginname` varchar(30) DEFAULT NULL COMMENT '{"name":"登录名","inputType":"text"}',
  `dbzh` varchar(30) DEFAULT NULL COMMENT '{"name":"代表证号","inputType":"text"}',
  `xm` varchar(30) NOT NULL DEFAULT '' COMMENT '{"name":"姓名","inputType":"text"}',
  `password` varchar(40) DEFAULT NULL COMMENT '{"name":"密码","inputType":"text"}',
  `xb` varchar(2) DEFAULT NULL COMMENT '{"name":"性别","inputType":"text"}',
  `mz` varchar(30) DEFAULT NULL COMMENT '{"name":"民族","inputType":"text"}',
  `csrq` varchar(10) DEFAULT NULL COMMENT '{"name":"出生年月","inputType":"textdate"}',
  `whcd` varchar(30) DEFAULT NULL COMMENT '{"name":"文化程度","inputType":"text"}',
  `zzmm` varchar(30) DEFAULT NULL COMMENT '{"name":"政治面目","inputType":"text"}',
  `dbt` varchar(30) DEFAULT NULL COMMENT '{"name":"代表团","inputType":"text"}',
  `wjsdd` varchar(30) DEFAULT NULL COMMENT '{"name":"文件送达地","inputType":"text"}',
  `jszc` varchar(30) DEFAULT NULL COMMENT '{"name":"技术支撑","inputType":"text"}',
  `zy` varchar(30) DEFAULT NULL COMMENT '{"name":"职业","inputType":"text"}',
  `zw` varchar(30) DEFAULT NULL COMMENT '{"name":"职务","inputType":"text"}',
  `dwmc` varchar(30) DEFAULT NULL COMMENT '{"name":"单位名称","inputType":"text"}',
  `dwdh` varchar(30) DEFAULT NULL COMMENT '{"name":"单位电话","inputType":"text"}',
  `dwdz` varchar(30) DEFAULT NULL COMMENT '{"name":"单位地址","inputType":"text"}',
  `dwmb` varchar(30) DEFAULT NULL COMMENT '{"name":"单位邮编","inputType":"text"}',
  `dzyz` varchar(30) DEFAULT NULL COMMENT '{"name":"电子邮政","inputType":"text"}',
  `cz` varchar(30) DEFAULT NULL COMMENT '{"name":"传真","inputType":"text"}',
  `jtzz` varchar(30) DEFAULT NULL COMMENT '{"name":"家庭住址","inputType":"text"}',
  `jtyb` varchar(30) DEFAULT NULL COMMENT '{"name":"家庭邮编","inputType":"text"}',
  `jtdh` varchar(30) DEFAULT NULL COMMENT '{"name":"家庭电话","inputType":"text"}',
  `yddh` varchar(30) DEFAULT NULL COMMENT '{"name":"移动电话","inputType":"text"}',
  `sfdc` varchar(30) DEFAULT NULL COMMENT '{"name":"是否调出或逝世","inputType":"text"}',
  `memo` varchar(500) DEFAULT NULL COMMENT '{"name":"备注","inputType":"text"}',
  `zp` varchar(100) DEFAULT NULL COMMENT '{"name":"照片","inputType":"text"}',
  `cjsj` timestamp NOT NULL DEFAULT '0000-00-00 00:00:00' COMMENT '{"name":"创建时间","inputType":"disabled"}',
  `xgsj` timestamp NOT NULL DEFAULT '0000-00-00 00:00:00' ON UPDATE CURRENT_TIMESTAMP COMMENT '{"name":"修改时间","inputType":"disabled"}',
  `cjr` varchar(20) DEFAULT NULL COMMENT '{"name":"创建人","inputType":"disabled"}',
  `xgr` varchar(20) DEFAULT NULL COMMENT '{"name":"修改人","inputType":"disabled"}',
  `deptid` varchar(12) DEFAULT NULL COMMENT '{"name":"所属部门ID","inputType":"hidden"}',
  `sfqy` varchar(1) DEFAULT NULL COMMENT '{"name":"是否启用","inputType":"text"}',
  PRIMARY KEY (`id`),
  UNIQUE KEY `loginname` (`loginname`)
) ENGINE=InnoDB AUTO_INCREMENT=25 DEFAULT CHARSET=utf8 CHECKSUM=1 DELAY_KEY_WRITE=1 ROW_FORMAT=DYNAMIC COMMENT='人大代表信息';

/*Data for the table `t_system_user` */

insert  into `t_system_user`(`id`,`loginname`,`dbzh`,`xm`,`password`,`xb`,`mz`,`csrq`,`whcd`,`zzmm`,`dbt`,`wjsdd`,`jszc`,`zy`,`zw`,`dwmc`,`dwdh`,`dwdz`,`dwmb`,`dzyz`,`cz`,`jtzz`,`jtyb`,`jtdh`,`yddh`,`sfdc`,`memo`,`zp`,`cjsj`,`xgsj`,`cjr`,`xgr`,`deptid`,`sfqy`) values (1,'test223','u3','u4','c4ca4238a0b923820dcc509a6f75849b','u6','u7',NULL,'u9','u10','u11','u12','u13','u14','u15','u16','3234','u18','u19','u20','u21','u22','u23','u24','u25','u26','u27','u28','2014-07-19 14:50:49','2014-07-19 14:50:49',NULL,NULL,'110101','u'),(2,'admin2','u3','u4','c4ca4238a0b923820dcc509a6f75849b','u6','u7','u8','u9','u10','u11','u12','u13','u14','u15','u16','u17','u18','u19','u20','u21','u22','u23','u24','u25','u26','u27','u28','2014-07-07 10:40:06','2014-07-18 20:09:59','u31','u32','3','u'),(3,'admin',NULL,'123','c4ca4238a0b923820dcc509a6f75849b',NULL,NULL,NULL,NULL,NULL,NULL,NULL,NULL,NULL,NULL,NULL,NULL,NULL,NULL,NULL,NULL,NULL,NULL,NULL,NULL,NULL,NULL,NULL,'0000-00-00 00:00:00','2014-07-18 15:27:48',NULL,NULL,'120502',NULL),(5,'2','3','4','c4ca4238a0b923820dcc509a6f75849b','6','7','8','9','10','11','12','13','14','15','16','17','18','19','20','21','22','23','24','25','26','27','28','2014-07-14 16:46:19','2014-07-18 15:27:49','31','32','120502','3'),(6,'123','123','123','c4ca4238a0b923820dcc509a6f75849b','','',NULL,'','','','','','','','','','','','','','','','','','','','','2014-07-15 20:00:40','2014-07-18 15:27:49',NULL,NULL,'120502',''),(7,'测试用户','23364','张二志','c4ca4238a0b923820dcc509a6f75849b','','',NULL,'','','','','','','','','','','','','','','','','','','','','2014-07-15 20:01:12','2014-07-18 15:27:50',NULL,NULL,'120502',''),(8,'111','222','333','c4ca4238a0b923820dcc509a6f75849b','','',NULL,'','','','','','','','','','','','','','','','','','','','','2014-07-15 20:01:34','2014-07-18 19:20:15',NULL,NULL,'120502',''),(9,'张二志','12321321','123211113','c4ca4238a0b923820dcc509a6f75849b','','',NULL,'','','','','','','','','','','','','','','','','','','','','2014-07-15 20:01:52','2014-07-18 19:20:15',NULL,NULL,'120502',''),(10,'test','u3','u4','c4ca4238a0b923820dcc509a6f75849b','u6','u7',NULL,'u9','u10','u11','u12','u13','u14','u15','u16','u17','u18','u19','u20','u21','u22','u23','u24','u25','u26','u27','u28','2014-07-15 20:10:22','2014-07-18 19:20:16',NULL,NULL,'120502','u'),(11,'222','u3','u4','c4ca4238a0b923820dcc509a6f75849b','u6','u7',NULL,'u9','u10','u11','u12','u13','u14','u15','u16','u17','u18','u19','u20','u21','u22','u23','u24','u25','u26','u27','u28','2014-07-15 20:10:59','2014-07-18 19:20:17',NULL,NULL,'120502','u'),(12,'333','u3','u4','c4ca4238a0b923820dcc509a6f75849b','u6','u7',NULL,'u9','u10','u11','u12','u13','u14','u15','u16','u17','u18','u19','u20','u21','u22','u23','u24','u25','u26','u27','u28','2014-07-19 14:40:33','2014-07-19 14:40:33',NULL,NULL,'120500','u'),(13,'33','u3','u4','c4ca4238a0b923820dcc509a6f75849b','u6','u7',NULL,'u9','u10','u11','u12','u13','u14','u15','u16','u17','u18','u19','u20','u21','u22','u23','u24','u25','u26','u27','u28','2014-07-15 20:11:55','2014-07-18 19:20:18',NULL,NULL,'120502','u'),(14,'31','u3','u4','c4ca4238a0b923820dcc509a6f75849b','u6','u7',NULL,'u9','u10','u11','u12','u13','u14','u15','u16','u17','u18','u19','u20','u21','u22','u23','u24','u25','u26','u27','u28','2014-07-15 20:12:30','2014-07-18 19:20:18',NULL,NULL,'120502','u'),(15,NULL,NULL,'',NULL,NULL,NULL,NULL,NULL,NULL,NULL,NULL,NULL,NULL,NULL,NULL,NULL,NULL,NULL,NULL,NULL,NULL,NULL,NULL,NULL,NULL,NULL,NULL,'0000-00-00 00:00:00','0000-00-00 00:00:00',NULL,NULL,'120502',NULL),(16,'3234','222','2222','','','',NULL,'','','','','','','','','','','','','','','','','','','','','2014-07-19 14:39:59','2014-07-19 14:39:59',NULL,NULL,'110302',''),(17,'','3','3','','','',NULL,'','','','','','','','','','','','','','','','','','','','','2014-07-19 17:44:06','2014-07-19 17:44:06',NULL,NULL,'110103',''),(18,'ser','3','3','','','',NULL,'','','','','','','','','','','','','','','','','','','','','2014-07-19 17:44:42','2014-07-19 17:44:42',NULL,NULL,'110103',''),(19,'3324','234','324','','','',NULL,'','','','','','','','','','','','','','','','','','','','','2014-07-19 17:45:57','2014-07-19 17:45:57',NULL,NULL,'110101',''),(20,'4323','2222','333','','','',NULL,'','','','','','','','','','','','','','','','','','','','','2014-07-19 17:46:47','2014-07-19 17:46:47',NULL,NULL,'110103',''),(21,'3423tt','234','23432','','','',NULL,'','','','','','','','','','','','','','','','','','','','','2014-07-19 17:51:26','2014-07-19 17:51:26',NULL,NULL,'110104',''),(22,'n1','12','22','','','',NULL,'','','','','','','','','','','','','','','','','','','','','2014-07-19 17:54:19','2014-07-19 17:54:19',NULL,NULL,'110101',''),(23,'22233','1231','22','','','',NULL,'','','','','','','','','','','','','','','','','','','','','2014-07-20 18:54:23','2014-07-20 18:54:23',NULL,NULL,'110103',''),(24,'22233333','1231','22','','','',NULL,'','','','','','','','','','','','','','','','','','','','','2014-07-20 18:54:47','2014-07-20 18:54:47',NULL,NULL,'110103','');

/*Table structure for table `t_system_user_role` */

DROP TABLE IF EXISTS `t_system_user_role`;

CREATE TABLE `t_system_user_role` (
  `id` int(11) NOT NULL AUTO_INCREMENT,
  `userid` int(11) NOT NULL DEFAULT '0' COMMENT '{"name":"用户Id","inputType":"text"}',
  `roleid` int(11) NOT NULL DEFAULT '0' COMMENT '{"name":"角色id","inputType":"text"}',
  PRIMARY KEY (`id`),
  KEY `idx_t_user_rold_uid_rid` (`userid`,`roleid`)
) ENGINE=InnoDB AUTO_INCREMENT=62 DEFAULT CHARSET=utf8 CHECKSUM=1 DELAY_KEY_WRITE=1 ROW_FORMAT=DYNAMIC COMMENT='用户角色';

/*Data for the table `t_system_user_role` */

insert  into `t_system_user_role`(`id`,`userid`,`roleid`) values (61,2,3),(59,3,3);

/*!40101 SET SQL_MODE=@OLD_SQL_MODE */;
/*!40014 SET FOREIGN_KEY_CHECKS=@OLD_FOREIGN_KEY_CHECKS */;
/*!40014 SET UNIQUE_CHECKS=@OLD_UNIQUE_CHECKS */;
/*!40111 SET SQL_NOTES=@OLD_SQL_NOTES */;
